# TIER A: dictionary knows the compound, segmenter split it (verified defects) - 11 rows
chapter	anchor	pdf_page	severity	line_end	next_line_start	split_word	description	match	junction
GC01	{GC33.2}	21	high	ຍ້ອນຄວັນໜາ ແລະ ໄຟ ພວກເຈົ້າ	ໜ້າທີ່ຈຶ່ງຕ້ອງຖອຍອອກມາ	ເຈົ້າໜ້າທີ່	The compound ເຈົ້າໜ້າທີ່ (officials) wraps as ພວກເຈົ້າ / ໜ້າທີ່, so the line end reads as 'you all' and the next line opens with the bare word 'duty' — both halves parse as complete but wrong words.	ok	LW
GC05	{GC94.2}	68	low	ຜູ້ປະພັນບົດເພງ	ສັນລະເສີນກ່າວວ່າ:	ເພງສັນລະເສີນ	The set term ເພງສັນລະເສີນ (psalm) inside 'ຜູ້ປະພັນບົດເພງສັນລະເສີນ' (psalmist) is split after ເພງ.	ok	LW
GC06	{GC99.3}	73	medium	ເປົ້າໝາຍທີ່ຕັ້ງ	ໃຈໄວ້	ຕັ້ງໃຈ	ຕັ້ງໃຈ (to resolve, intend) is split into ຕັ້ງ (set up) and ໃຈ (heart), each reading as its own word across the break.	ok	LW
GC08	{GC151.1}	111	medium	ສາມຄົນທີ່ຕັ້ງ	ໃຈຮ່ວມເດີນທາງ	ຕັ້ງໃຈ	ຕັ້ງໃຈ (to be determined) is split mid-word so the next line opens with ໃຈ (heart), which briefly parses as its own noun before ຮ່ວມ.	ok	LW
GC11	{GC197.3}	147	high	ເພື່ອຊັກຈູງພວກເຈົ້າ	ແຂວງໃຫ້ຕໍ່ຕ້ານ	ເຈົ້າແຂວງ	The title ເຈົ້າແຂວງ (prince/elector) is split so the line ends on ພວກເຈົ້າ (you all) and the next begins with ແຂວງ (province) - both sides read as common words and the sentence misparses.	ok	LW
GC12	{GC225.2}	170	low	ບັນດານັກ	ບວດ, ພວກທະຫານ	ນັກບວດ	The noun ນັກບວດ (monk) is split after the agent prefix, leaving ບັນດານັກ dangling and ບວດ (to ordain) at line start.	ok	LW
GC19	{GC352.1}	267	medium	ຄວາມໝາຍຂອງຄຳວ່າ “ສະຖານ	ບໍຣິສຸດ.”	ສະຖານບໍຣິສຸດ	The quoted technical term ສະຖານບໍຣິສຸດ (sanctuary) splits mid-word inside its quotation marks, leaving ສະຖານ incomplete at line end.	ok	LW
GC22	{GC406.2}	308	low	ມີຂໍ້ມູນແບບດຽວ	ກັນກັບທີ່ມີໃນຊີວິດນີ້	ດຽວກັນ	The compound ດຽວກັນ (the same) is split, leaving ກັນກັບ to open the line and misparse briefly as 'together with'.	ok	LW
GC34	{GC556.3}	427	low	ຫຼອກໃຫ້ຄົນເຊື່ອວ່າ ຄົນຊົ່ວ	ຮ້າຍທີ່ສຸດກໍຢູ່ໃນສະຫວັນ	ຊົ່ວຮ້າຍ	ຊົ່ວຮ້າຍ is split so the line ends on the complete-looking ຄົນຊົ່ວ and ຮ້າຍ starts the next line detached from its compound.	ok	LW
GC39	{GC622.3}	475	high	ເປັນດັ່ງເຈົ້າຊາຍ ຜູ້ມີໄຊ	ຊະນະກັບພຣະເຈົ້າ	ໄຊຊະນະ	The single word ໄຊຊະນະ (victory) is split into ໄຊ and ຊະນະ, both plausible words, so the reader parses ຜູ້ມີໄຊ then a new verb ຊະນະ.	ok	LW
GC39	{GC615.2}	471	low	ໃນລັກສະນະແບບດຽວ	ກັນ.	ດຽວກັນ	The unit ດຽວກັນ (the same) is split, stranding ກັນ alone as the entire start of the next line before the paragraph ends.	ok	LW

# TIER B: high-severity flags, junction between two lexicon words (reviewed) - 60 rows
chapter	anchor	pdf_page	severity	line_end	next_line_start	split_word	description	match	junction
GC03	{GC53.1}	36	high	ການຈັດງານສະຫຼອງທຸກວັນ	ອາທິດທົ່ວອານາຈັກໂຣມ	ວັນອາທິດ	The break splits ວັນອາທິດ (Sunday), so the first line reads as 'hold celebrations every day' and the next line opens with ອາທິດ (week), a genuine misreading.	ok	LW
GC04	{GC62.4}	44	high	ມີຄວາມງົມງວາຍ, ຖື	ໂຕ ແລະ ແຕ່ງກາຍຢ່າງຫຼູຫຼາ	ຖືໂຕ	The compound ຖືໂຕ (arrogant) is split so the line ends on ຖື (hold/observe) and the next opens with the dangling classifier ໂຕ, both reading as wrong standalone words.	ok	LW
GC04	{GC69.1}	48	high	ມີແຕ່ຄົນທັງຫຼາຍທີ່ຝ່າ	ຟັນອຸປະສັກເພື່ອຄັດລອກພຣະຄຳພີ	ຝ່າຟັນ	The verb ຝ່າຟັນ (struggle through) is split so the next line begins with ຟັນ, which reads as the separate word 'teeth/to slash' before the object ອຸປະສັກ.	ok	LW
GC05	{GC82.1}	59	high	ໃນໂລກນັ້ນ ບໍ່ສົມ	ເຫດສົມຜົນ ແລະ ຂັດຕໍ່ພຣະຄຳພີ	ສົມເຫດສົມຜົນ	The fixed expression ສົມເຫດສົມຜົນ is broken after its first syllable, so the line ends on the complete-looking phrase ບໍ່ສົມ (not fitting) and the next line opens with ເຫດ, producing a wrong parse.	ok	LW
GC05	{GC87.3}	63	high	ໄດ້ບັນທອນພາລະ	ກຳລັງຂອງເພິ່ນ	ພາລະກຳລັງ	The compound ພາລະກຳລັງ (physical strength) is split so the line ends on ບັນທອນພາລະ, which reads as 'lightened the burden' — nearly the opposite sense — before ກຳລັງ appears on the next line.	ok	LW
GC05	{GC94.3}	68	high	ໃນຫຼາຍພື້ນ	ທີ່ ແລະ ຮູບເຄົາລົບ	ພື້ນທີ່	ພື້ນທີ່ (area) is split so the next line opens with bare ທີ່, which the reader parses as the relativizer 'that', derailing the sentence.	ok	LW
GC06	{GC 118.1}	86	high	ຫັນມາໃຊ້ວິທີທາງການ	ທູດໃນທີ່ສຸດ	ການທູດ	The word ການທູດ (diplomacy) splits so the line ends on the complete-looking phrase ວິທີທາງການ (official method) and the next line opens with ທູດ (envoy), producing a genuine misreading of both sides.	ok	LW
GC07	{GC134.2}	99	high	ເປັນຄົນສຸພາບ ແລະ ຂີ້	ອາຍ, ແຕ່ມີວິຈາລະນະຍານ	ຂີ້ອາຍ	The single word ຂີ້ອາຍ (shy) is split so the line ends on ຂີ້, which by itself reads as the crude word for excrement ('polite and ຂີ້') before the next line supplies ອາຍ.	ok	LW
GC08	{GC146.2}	108	high	ເຫດຜົນທີ່ສຽບ	ແຫຼມຂອງລູເທີ	ສຽບແຫຼມ	The compound ສຽບແຫຼມ (incisive) is split so the line ends on ສຽບ (to stab/insert) and the next begins ແຫຼມ (pointed), both reading as independent wrong words.	ok	LW
GC08	{GC149.3}	110	high	ສ່ຳນັ້ນ. ຕົ້ນ	ນ້ຳເນົ່າເຮັດໃຫ້	ຕົ້ນນ້ຳ	ຕົ້ນນ້ຳ (headwater/source) is split so ຕົ້ນ strands at line end reading as tree/classifier while the next line opens as ນ້ຳເນົ່າ (rotten water), losing the source-of-the-stream metaphor.	ok	LW
GC08	{GC168.2}	124	high	ລູເທີກຳລັງເຕີມນ້ຳ	ມັນໃສ່ຕະກຽງຈາກພຣະຄຳແຫ່ງຄວາມຈິງ	ນ້ຳມັນ	The word ນ້ຳມັນ (oil) breaks after ນ້ຳ, so the line ends reading "adding water" and the next line starts with ມັນ (it), momentarily reversing the image of filling the lamp with oil.	ok	LW
GC10	{GC185.3}	137	high	ເພາະຄົນ	ງານຄົນອື່ນຮູ້ສຶກວ່າ	ຄົນງານ	The word ຄົນງານ (worker) is split into ຄົນ / ງານ, so the reader parses person at line end and then work of others at the next line - a genuine misreading.	ok	LW
GC10	{GC194.1}	143	high	ເປັນເຫດເປັນຜົນຝ່າຍເນື້ອ	ໜັງຂອງພວກບາດຫຼວງ	ເນື້ອໜັງ	The compound ເນື້ອໜັງ (the flesh) is split into ເນື້ອ / ໜັງ, so the next line opens with ໜັງຂອງພວກບາດຫຼວງ, which reads as the skin (or movie) of the priests.	ok	LW
GC11	{GC199.4}	149	high	ຫຼືບໍ່? ໃນວິກິດ	ການທີ່ໜັກໜ່ວງທີ່ສຸດ	ວິກິດການ	The single word ວິກິດການ (crisis) is split so the next line opens with ການທີ່ໜັກໜ່ວງ, which misreads as the deed that is most severe.	ok	LW
GC12	{GC220.1}	166	high	ປະທານໃຫ້ໂດຍບໍ່ຄິດມູນ	ຄ່າ.”	ມູນຄ່າ	The single word ມູນຄ່າ (cost) is split so the line ends on ມູນ, which alone reads as dung/inheritance, before ຄ່າ (fee) starts the next line.	ok	LW
GC12	{GC225.2}	170	high	ເຂົ້າຈີ່ທີ່ໃຊ້ໃນພິທີສິນ	ລະນຶກນຳໜ້າຂະບວນ	ສິນລະນຶກ	The sacrament term ສິນລະນຶກ is split mid-word, leaving ພິທີສິນ (precept rite) at line end and ລະນຶກ (commemorate) opening the next line as apparent separate words.	ok	LW
GC12	{GC235.2}	177	high	ໃນຫຼາຍປະເທດ, ຫົວ	ກະທິຂອງຊາດນັບພັນນັບໝື່ນຄົນ	ຫົວກະທິ	The compound ຫົວກະທິ (cream of the crop) splits so the line ends on ຫົວ (head) and the next begins with ກະທິ (coconut cream), two unrelated words.	ok	LW
GC12	{GC235.3}	177	high	ໄດ້ກາຍເປັນທີ່	ໝັ້ນຂອງຜູ້ເຊື່ອສັດທາ	ທີ່ໝັ້ນ	ທີ່ໝັ້ນ (stronghold) splits so ທີ່ reads as the grammatical particle ending ກາຍເປັນທີ່ and ໝັ້ນ is orphaned at the line start.	ok	LW
GC14	{GC256.2}	193	high	ທີ່ພຣະອົງປະທານໂດຍບໍ່ຄິດມູນ	ຄ່າ. ເພິ່ນກ່າວວ່າ	ມູນຄ່າ	The word ມູນຄ່າ (price/value) is split so the line ends on ບໍ່ຄິດມູນ, where ມູນ alone reads as the wrong word (dung/inheritance) instead of 'free of charge'.	ok	LW
GC15	{GC279.2}	211	high	ໃນຊ່ວງເລີ່ມຕົ້ນຂອງການປະຕິວັດ ມີຄົນ	ຈົນ 200,000 ຄົນ ອາໄສເງິນລ້ຽງຂອງກະສັດ.	ຄົນຈົນ	ຄົນຈົນ (poor people) is split so the next line begins ຈົນ 200,000, which reads as ຈົນ = "until 200,000" rather than "200,000 poor people".	ok	LW
GC17	{GC300.1}	227	high	ເປັນແຮງບັນດານ	ໃຈໃຫ້ແກ່ບັນດາຜູ້ຂຽນ	ແຮງບັນດານໃຈ	The lexeme ແຮງບັນດານໃຈ (inspiration) is broken between ບັນດານ and ໃຈ, so the next line opens with ໃຈໃຫ້ແກ່ ('heart give to'), a misreading of wrong words.	ok	LW
GC17	{GC307.3}	233	high	ທາງເໜືອເຖິງສຸດໝູ່	ບ້ານຂອງຊາວອາເມຣິກາ	ໝູ່ບ້ານ	The word ໝູ່ບ້ານ (village/settlement) is split so the line ends in ສຸດໝູ່ ('end of the group') and the next opens ບ້ານຂອງຊາວອາເມຣິກາ ('houses of the Americans') — both halves read as different real words.	ok	LW
GC17	{GC312.2}	236	high	ຈົນກວ່າແສງອາລຸນຈະຂຶ້ນ ແລະ ດາວປະຈຳ	ຮຸ່ງຈະຜຸດຂຶ້ນໃນໃຈຂອງທ່ານທັງຫຼາຍ	ດາວປະຈຳຮຸ່ງ	The fixed compound ດາວປະຈຳຮຸ່ງ (morning star) is split so the next line opens ຮຸ່ງຈະຜຸດຂຶ້ນ, which misreads as "dawn will rise" instead of the star's name.	ok	LW
GC18	{GC320.1}	243	high	ໜັງສືດັດຊະນີຄຳ	ສັບພຣະຄຳພີ	ດັດຊະນີຄຳສັບ	The compound ຄຳສັບ inside ດັດຊະນີຄຳສັບ (concordance) is split; the line ends on the complete-looking ດັດຊະນີຄຳ and the next line opens ສັບພຣະຄຳພີ, where ສັບ reads as the verb chop/mix.	ok	LW
GC18	{GC320.2}	243	high	ໂດຍໃຊ້ຫຼັກການຕີ	ຄວາມໝາຍທີ່ເພິ່ນເຄີຍນຳໃຊ້	ຕີຄວາມໝາຍ	The compound ຕີຄວາມໝາຍ (to interpret) is split after ຕີ, so the line ends ຫຼັກການຕີ, which reads as "the principle of hitting" before ຄວາມໝາຍ completes it.	ok	LW
GC18	{GC329.3}	250	high	ຈາງຫາຍໄປເມື່ອແສງ	ອາທິດສ່ອງມາ	ແສງອາທິດ	Sunlight is split so the next line opens with ອາທິດ, which alone reads as 'week' - a real misreading in a chapter built around the 70 ອາທິດ prophecy.	ok	LW
GC18	{GC336.2}	254	high	ເປັນພວກສິບ	ແປດມົງກຸດທີ່ອາໄສການຫຼອກລວງ	ສິບແປດມົງກຸດ	The idiom ສິບແປດມົງກຸດ (charlatan) is split inside the numeral, so the line ends on 'ten' and the next opens as 'eight crowns' - wrong words on both sides.	ok	LW
GC19	{GC349.1}	265	high	ເຂົ້າສູ່ຄວາມຫວັງ	ໃຈອັນມີຊີວິດຢູ່	ຄວາມຫວັງໃຈ	The quoted term ຄວາມຫວັງໃຈ (living hope, 1 Peter 1:3) splits so the first line ends on the complete word ຄວາມຫວັງ and the next opens with ໃຈ, reading as 'a heart that lives'.	ok	LW
GC19	{GC353.2}	268	high	ຍ້ອນອາລົມຕື່ນ	ເຕັ້ນ? ມີຈັກຄົນ	ຕື່ນເຕັ້ນ	The compound ຕື່ນເຕັ້ນ (excitement) splits into ຕື່ນ (wake/be aroused) and ເຕັ້ນ (dance/jump), both reading as wrong standalone words at the break.	ok	LW
GC20	{GC355.3}	271	high	ຈົ່ງມ້ວນ ແລະ ປະທັບ	ຕາໃສ່ຖ້ອຍຄຳ	ປະທັບຕາ	The compound ປະທັບຕາ (to seal) splits so the next line opens with ຕາໃສ່, reading as 'eye onto' the words of the scroll.	ok	LW
GC20	{GC359.2}	274	high	ບໍ່ມີໃຜຮູ້ແບບເຈາະ	ຈົງເຖິງວັນ	ເຈາະຈົງ	The compound ເຈາະຈົງ (precisely) splits into ເຈາະ (pierce/drill) and ຈົງ (imperative particle), both reading as wrong words at the break.	ok	LW
GC20	{GC362.2}	276	high	ບໍ່ຄ່ອຍມີການເຈາະ	ຈົງເວລາຂອງການສະເດັດມາ	ເຈາະຈົງ	The compound ເຈາະຈົງ (specify precisely) splits again into ເຈາະ (pierce) and ຈົງ, misreading at the junction.	ok	LW
GC20	{GC363.2}	277	high	ໄດ້ເຈາະແທງຫົວ	ໃຈຂ້າພະເຈົ້າ	ຫົວໃຈ	The compound ຫົວໃຈ (heart) splits into ຫົວ (head) and ໃຈ (mind), so the quotation reads 'arrows pierced my head / ...ໃຈ my...'.	ok	LW
GC20	{GC369.2}	281	high	ພີ່ນ້ອງ ຫຼື ເພື່ອນ	ບ້ານກັບໃຈ	ເພື່ອນບ້ານ	ເພື່ອນບ້ານ (neighbor) splits so the first line reads 'relatives or friends' and the next opens with ບ້ານ (village/house), producing a clean but wrong reading on both sides.	ok	LW
GC20	{GC369.3}	281	high	ທັງຄົນຊະລາ, ໄວກາງ	ຄົນ ແລະ ຊາວໜຸ່ມ	ໄວກາງຄົນ	ໄວກາງຄົນ (middle-aged) splits before ຄົນ, so the next line reads 'people and the young' while ໄວກາງ is left dangling as a non-word at the line end.	ok	LW
GC21	{GC387.3}	294	high	ຫຼື ມົວເມົາໂດຍ	ສະເພາະຕໍ່ຊາວໜຸ່ມ	ໂດຍສະເພາະ	The fixed adverb ໂດຍສະເພາະ (especially) is split into ໂດຍ and ສະເພາະ, so the line end reads 'intoxicated by' and the next line reads 'specifically to the youth' — two coherent wrong parses.	ok	LW
GC22	{GC392.2}	298	high	ໄດ້ກ່າວເຖິງຄວາມຊັກ	ຊ້າ. ຫຼັງຈາກ	ຄວາມຊັກຊ້າ	ຊັກຊ້າ (delay) is split mid-word so the line end reads ຄວາມຊັກ ('the pulling/washing') and the next line opens with ຊ້າ ('slow') — both syllables are real words and the wrap produces a misreading.	ok	LW
GC22	{GC393.4}	299	high	ແຕ່ບໍ່ເອົານ້ຳ	ມັນໄປເພື່ອ.	ນ້ຳມັນ	ນ້ຳມັນ (oil) is split so the line end reads 'did not take water' (ບໍ່ເອົານ້ຳ) and the next line opens ມັນໄປເພື່ອ ('it along') — the wrap turns 'took no oil' into two wrong words.	ok	LW
GC23	{GC416.3}	316	high	ພຣະຫັດທີ່ເປັນແຜ, ສີ	ຂ້າງທີ່ຖືກແທງ	ສີຂ້າງ	The body-part word ສີຂ້າງ (side/ribs) is split so the line ends on ສີ, which reads as 'color', a wrong word, before ຂ້າງ on the next line.	ok	LW
GC23	{GC409.2}	311	high	ໄດ້ສິ້ນສຸດລົງໃນປີ 18441	. ບໍ່ມີເຫດຜົນອື່ນສຳລັບການປະຕິເສດ	18441.	The next line begins with a stranded period (after the footnote reference 1), punctuation that must never start a printed line.	notfound	None
GC24	{GC425.3}	325	high	ຕໍ່ສູ້ພວກທີ່ສໍ້ໂກງຄ່າແຮງງານຂອງລູກ	ຈ້າງ, ຕໍ່ສູ້ພວກທີ່ເອົາປຽບແມ່ໝ້າຍ	ລູກຈ້າງ	The word ລູກຈ້າງ (hired worker) breaks after ລູກ, so the line ends reading "wages of the children" before ຈ້າງ appears on the next line.	ok	LW
GC25	{GC449.2}	343	high	ທູດສະຫວັນທີ່ບິນຢູ່ໃນທ້ອງ	ຟ້າ ແລະ ຈະດຶງດູດ	ທ້ອງຟ້າ	ທ້ອງຟ້າ (sky) is split so the line ends 'ບິນຢູ່ໃນທ້ອງ', which reads as 'flying in the belly' before the eye reaches ຟ້າ.	ok	LW
GC26	{GC452.1}	345	high	ແປຈາກສະບັບ KJV). ຕາ	ປະທັບຂອງພຣະບັນຍັດ	ຕາປະທັບ	ຕາປະທັບ (seal) is split so the line ends on bare ຕາ, which reads as 'eye', with ປະທັບ stranded at the next line start.	ok	LW
GC27	{GC462.1}	354	high	ຖືກນັບວ່າມີຄວາມຄູ່	ຄວນທີ່ຈະຖືກດູໝິ່ນ	ຄູ່ຄວນ	ຄູ່ຄວນ (worthy) splits into ຄູ່ (pair) at line end and ຄວນ (should) at line start, and ຄວນທີ່ຈະຖືກດູໝິ່ນ reads fluently as the wrong sentence 'should be despised'.	ok	LW
GC27	{GC467.1}	357	high	ພຣະບັນຍັດຈຶ່ງຕ້ອງຄົງຢູ່ຊົ່ວ	ນິຣັນດອນ ເໝືອນດັ່ງ	ຊົ່ວນິຣັນດອນ	The duration phrase ຊົ່ວນິຣັນດອນ (for eternity) splits after ຊົ່ວ, so the line ends reading 'the law must remain evil' before ນິຣັນດອນ corrects it.	ok	LW
GC27	{GC477.1}	364	high	ສະຫວັນ ແລະ ເຊື່ອ	ຟັງຕາມຂໍ້ກຳນົດຂອງພຣະອົງ	ເຊື່ອຟັງ	The single verb ເຊື່ອຟັງ (obey) breaks into ເຊື່ອ (believe) and ຟັງຕາມ (listen along), and with ເຊື່ອໃນພຣະສັນຍາ earlier in the sentence the reader parses believe again instead of obey.	ok	LW
GC28	{GC480.1}	368	high	ວຽກງານອີກຢ່າງໜຶ່ງຕ່າງ	ຫາກ ແລະ ຈະເກີດຂຶ້ນໃນພາຍຫຼັງ	ຕ່າງຫາກ	The single adverb ຕ່າງຫາກ (separate) splits into ຕ່າງ (different) and line-initial ຫາກ, which reads as the conjunction if/but and derails the sentence.	ok	LW
GC28	{GC482.1}	369	high	ຕໍ່ຄຳຕັກເຕືອນວ່າ	ກ່າວຈາກສະຫວັນ	ວ່າກ່າວ	The compound ວ່າກ່າວ (reprove) splits so the line ends on ຄຳຕັກເຕືອນວ່າ (warning that) and the next line opens ກ່າວຈາກສະຫວັນ (spoken from heaven), a complete and wrong reparse.	ok	LW
GC28	{GC491.1}	375	high	ຄົນທັງຫຼາຍຈະຍັງປູກ	ຝັງ ແລະ ກໍ່ສ້າງ	ປູກຝັງ	The verb ປູກຝັງ (plant/cultivate) splits so the next line begins ຝັງ ແລະ ກໍ່ສ້າງ, which reads as bury and build.	ok	LW
GC30	{GC509.2}	390	high	ເປັນພຽງເຄື່ອງມືທີ່ຖືກຂັດ	ມັນໃຫ້ເຫຼື້ອມຢູ່ໃນມືຂອງຊາຕານ	ຂັດມັນ	The verb ຂັດມັນ (polish to a shine) is split so the next line opens with ມັນ, which reads as the pronoun 'it/he' (used for Satan throughout), giving 'was scrubbed / it makes shine' instead of 'polished'.	ok	LW
GC33	{GC535.2}	412	high	ເຮົາມີຊີວິດຢູ່ຢ່າງແນ່ແທ້ ເຮົາຈະບໍ່ດີ	ໃຈເມື່ອເຫັນຄົນບາບຜູ້ໜຶ່ງຕາຍໄປ	ດີໃຈ	ດີໃຈ (be glad) is split so the line ends on ເຮົາຈະບໍ່ດີ, which reads as 'we will not be good', a wrong statement inside a divine quotation.	ok	LW
GC33	{GC539.1}	415	high	ວ່າອຳໂນນຜູ້ເປັນຂີ້	ເຫຼົ້ານັ້ນຢູ່ໃນສະຫວັນ	ຂີ້ເຫຼົ້າ	ຂີ້ເຫຼົ້າ (drunkard) is split after ຂີ້, so the line ends on ຜູ້ເປັນຂີ້ which reads as 'the one who is excrement'.	ok	LW
GC35	{GC570.2}	436	high	ບໍ່ຍອມນະມັດສະການພຣະອົງໃນຖານະເຈົ້າ	ຊີວິດແຫ່ງຟ້າສະຫວັນບໍ?	ເຈົ້າຊີວິດ	The royal title ເຈົ້າຊີວິດ splits so the first line ends 'ໃນຖານະເຈົ້າ' (as lord) and the next begins 'ຊີວິດແຫ່ງຟ້າສະຫວັນ' (life of heaven), both false but plausible parses.	ok	LW
GC36	{GC590.1}	450	high	ເພາະການເຊື່ອ	ຟັງຂອງຄົນເຫຼົ່ານີ້	ເຊື່ອຟັງ	The verb ເຊື່ອຟັງ (obey) splits so the line ends on ການເຊື່ອ (the belief) and the next begins ຟັງຂອງ... (listening of), two wrong words.	ok	LW
GC36	{GC590.1}	450	high	ຜູ້ສ້າງຄວາມເດືອດ	ຮ້ອນຫຼາຍທີ່ສຸດ	ເດືອດຮ້ອນ	ຄວາມເດືອດຮ້ອນ (trouble) splits into ຄວາມເດືອດ (boiling) at line end and ຮ້ອນ (hot) starting the next line, both misreading inside the quoted accusation against Elijah.	ok	LW
GC38	{GC608.2}	464	high	ກໍຈະເປັນເຄື່ອງ	ມືທີ່ມີປະສິດທິພາບ	ເຄື່ອງມື	The compound ເຄື່ອງມື (instrument) is split so the line ends on ເຄື່ອງ (thing) and the next begins ມື (hand), reading as two wrong words.	ok	LW
GC40	{GC635.2}	485	high	ມັນຈະມີແປວໄຟ, ພະຍຸຝົນ, ໝາກ	ເຫັບ ແລະ ຫ່າຝົນຮ່ຳລົງມາ	ໝາກເຫັບ	The word for hail is split so the line ends with ໝາກ (fruit) and the next begins with ເຫັບ (tick), both real words that produce a wrong reading.	ok	LW
GC42	{GC664.1}	508	high	ເປັນນັກຮົບທີ່ອົງ	ອາດ ແລະ ທະເຍີທະຍານ	ອົງອາດ	The single word ອົງອາດ (valiant) is split so the line ends on ອົງ (classifier/royal body) and the next begins with ອາດ (may/can), both reading as unrelated small words.	ok	LW
GC42	{GC664.2}	508	high	ນັກຮົບຜູ້ເກັ່ງ	ກາດເຫຼົ່ານັ້ນ	ເກັ່ງກາດ	The single word ເກັ່ງກາດ (formidable) is split so the reader parses ເກັ່ງ (skilled) as complete and then meets the stray syllable ກາດ (gas/kale) starting the next line.	ok	LW
GC42	{GC678.3}	518	high	ຈົນເຖິງດາວ	ເຄາະທີ່ໃຫຍ່ທີ່ສຸດ	ດາວເຄາະ	The single word ດາວເຄາະ (planet) is split so the line ends on ດາວ (star) as if complete and the next line opens with ເຄາະ (knock), a misreading of both halves.	ok	LW

# TIER C: wrap at a penalty the dictionary row itself permits (designed) - 29 rows
chapter	anchor	pdf_page	severity	line_end	next_line_start	split_word	description	match	junction
GC01	{GC23.1}	13	high	ຂຶ້ນໄປຍັງພູເຂົາໝາກ	ກອກເທດ ເພື່ອນັ່ງ	ພູເຂົາໝາກກອກເທດ	The name ພູເຂົາໝາກກອກເທດ (Mount of Olives) is broken inside the word ໝາກກອກ, so the line ends on ພູເຂົາໝາກ ('fruit mountain') and the next opens with the non-word ກອກເທດ.	ok	p100
GC01	{GC32.3}	20	high	ຈະບໍ່ຕ້ອງຮັບເອົາຜົນຄຳ	ສາບແຊ່ງຢ່າງເຕັມທີ່	ຄຳສາບແຊ່ງ	ຄຳສາບແຊ່ງ (curse) is split after ຄຳ, so the line ends on ຜົນຄຳ which composes as a plausible false unit ('golden result') before ສາບແຊ່ງ appears.	ok	p1000
GC03	{GC51.4}	35	medium	ຊາຕານກໍເຄື່ອນ	ໄຫວຕາມໃຈປາຖະໜາຂອງມັນ	ເຄື່ອນໄຫວ	The verb ເຄື່ອນໄຫວ (to operate/act) breaks as ເຄື່ອນ / ໄຫວ; the next line opens with ໄຫວ, which reads as the separate verb 'tremble' before the eye recovers the compound.	ok	p100
GC01	{GC36.1}	22	low	ໄດ້ຮັບຄວາມສະຫງົບ	ສຸກ ແລະ ການປົກປ້ອງ	ສະຫງົບສຸກ	The compound ສະຫງົບສຸກ (peace) splits before ສຸກ, which then opens the next line as an apparent standalone word 'happy/ripe'.	ok	p1000
GC04	{GC67.3}	47	medium	ຈຶ່ງຂະຫຍັນໝັ່ນ	ພຽນ ອອກເຫື່ອເທແຮງ	ຂະຫຍັນໝັ່ນພຽນ	The elaborate expression ຂະຫຍັນໝັ່ນພຽນ (diligent) is split inside its bound pair ໝັ່ນພຽນ, leaving ພຽນ stranded at the line start.	ok	p100
GC04	{GC74.3}	52	high	ພຣະອົງຈະຍິນດີນຳຂ້າ	ນ້ອຍ ແລະ ໃຫ້ອະໄພຂ້ານ້ອຍແທ້ບໍ?	ຂ້ານ້ອຍ	The polite pronoun ຂ້ານ້ອຍ is split, so the line ends on ຍິນດີນຳຂ້າ, where ຂ້າ reads as the word 'kill', and the next line opens with the stray word ນ້ອຍ 'small'.	ok	p100
GC05	{GC85.1}	61	low	ວ່າ: “ພວກ	ເຂົາດູດເອົາເງິນລ້ຽງຊີບ	ພວກເຂົາ	The pronoun ພວກເຂົາ is split immediately after the opening quote mark, so a quotation begins with the bare fragment ພວກ.	ok	p100
GC05	{GC95.2}	69	low	ມີຊີວິດຢູ່. ພວກ	ເຂົາຍັງຄັບແຄ້ນ	ພວກເຂົາ	The fused pronoun ພວກເຂົາ (they) is split between ພວກ and ເຂົາ across the break.	ok	p100
GC07	{GC137.2}	101	medium	ນັກປະຕິຮູບເປັນຄົນລຽບ	ງ່າຍ, ຖ່ອມຕົວ	ລຽບງ່າຍ	The compound ລຽບງ່າຍ (simple, unassuming) is split, leaving ຄົນລຽບ at line end and the standalone word ງ່າຍ (easy) opening the next line.	ok	p100
GC12	{GC234.2}	176	high	ສາສະໜາຄຣິສ. ໄຊ	ຊະນະຕ່າງໆໃນຊ່ວງທຳອິດ	ໄຊຊະນະ	The word ໄຊຊະນະ (victory) is split so a dangling ໄຊ ends the line and ຊະນະ (to win) starts the next, reading as two different words.	ok	p100
GC14	{GC260.2}	196	high	ກ່ອນສະໄໝຂອງເວສະລີເລັກ	ໜ້ອຍ ສ່ວນຫຼາຍເກີດຈາກ	ເລັກໜ້ອຍ	The adverb ເລັກໜ້ອຍ (a little) is split so the line ends on ເວສະລີເລັກ, which reads as 'little Wesley' — a genuine misreading.	ok	p100
GC15	{GC274.1}	207	high	ມີການຫ້າມການຂາບໄຫວ້ນະມັດສະການທຸກຢ່າງ ຍົກ	ເວັ້ນເສລີພາບ ແລະ ປະເທດຊາດ.	ຍົກເວັ້ນ	The word ຍົກເວັ້ນ (except) is split so the line ends on ຍົກ (lift) and the next begins ເວັ້ນ (omit), making the reader parse two unrelated verbs before recovering the sense.	ok	p1000
GC15	{GC272.3}	206	medium	ມີການຈູດກອງໄຟສະຫຼອງຢ່າງສະຫວ່າງ	ສະໄຫວ. ສ່ວນສັນຕະປາປາເກຼັກກໍຣີທີ 13	ສະຫວ່າງສະໄຫວ	The elaborate compound ສະຫວ່າງສະໄຫວ (brilliantly bright) is split, leaving ສະໄຫວ, which is not a standalone word, stranded at the start of the line.	ok	p0
GC21	{GC390.1}	295	medium	ມືດມົນຝ່າຍຈິດ	ວິນຍານ ແລະ ຫ່າງເຫີນ	ຈິດວິນຍານ	ຈິດວິນຍານ (spirit/spiritual) is split into ຈິດ and ວິນຍານ, breaking one word into two independent nouns across the wrap.	ok	p100
GC22	{GC406.1}	307	high	ເມືອງນີເນເວວ່າ ພາຍ	ໃນສີ່ສິບວັນເມືອງນີ້	ພາຍໃນ	The single word ພາຍໃນ (within) is split so the line ends on ພາຍ, which reads as the unrelated word 'paddle' before the eye reaches ໃນ.	ok	p100
GC25	{GC446.1}	340	high	ເພິ່ນຈະພະຍາຍາມປ່ຽນ	ແປງກົດໝາຍ	ປ່ຽນແປງ	The verb ປ່ຽນແປງ (change) is split so the line ends on a complete phrase 'will try to change' and the next line opens with ແປງກົດໝາຍ, which reads as 'repair the laws'.	ok	p100
GC27	{GC473.2}	362	medium	ທັງຮ່າງກາຍ, ຈິດ	ໃຈ ແລະ ຈິດວິນຍານ	ຈິດໃຈ	The single word ຈິດໃຈ (mind) splits mid-word into ຈິດ (spirit) and ໃຈ (heart), both standalone words, muddling the body/mind/spirit list.	ok	p100
GC27	{GC478.3}	365	medium	ພວກເຂົາພົບຄວາມຊົມ	ຊື່ນຍິນດີຢູ່ໃນພຣະຄຳ	ຊົມຊື່ນຍິນດີ	The compound ຊົມຊື່ນ inside ຄວາມຊົມຊື່ນຍິນດີ is cut, leaving the line ending on the odd fragment ຄວາມຊົມ.	ok	p100
GC28	{GC487.2}	372	low	ແນວໃດ. ພວກ	ເຮົາໄດ້ໃຊ້ຄວາມສາມາດ	ພວກເຮົາ	The pronoun ພວກເຮົາ (we) wraps between ພວກ and ເຮົາ; still readable but the unit is split.	ok	p100
GC29	{GC500.4}	383	low	ພຣະບຸດອົງດຽວຂອງພຣະອົງ ສິ້ນ	ພຣະຊົນເພື່ອມະນຸດສະໂລກ	ສິ້ນພຣະຊົນ	The royal verb ສິ້ນພຣະຊົນ (to die) is split so the line ends on ສິ້ນ (end/run out), an awkward break inside a single lexical unit.	ok	p100
GC33	{GC531.2}	409	medium	ຊາຕານຈຶ່ງເຄື່ອນ	ໄຫວຢ່າງລັບໆ	ເຄື່ອນໄຫວ	The compound ເຄື່ອນໄຫວ (to operate/move about) is split; ໄຫວ alone at line start reads as 'tremble'.	ok	p100
GC34	{GC553.1}	424	low	ມັນເປັນການຫຼອກລວງ ແລະ ກົນ	ອຸບາຍຂອງພວກໝໍຜີ	ກົນອຸບາຍ	The compound ກົນອຸບາຍ (trickery) is split after ກົນ, so both halves read as separate small words across the break.	ok	p100
GC38	{GC604.3}	462	high	ເພື່ອເຮັດຕາມກົດ	ໝາຍຂອງມະນຸດ	ກົດໝາຍ	ກົດໝາຍ (law) splits so the line ends on ຕາມກົດ (according to the rule) and the next begins ໝາຍຂອງມະນຸດ (mark of man), a real misreading in a paragraph about the mark of the beast.	ok	p100
GC37	{GC596.1}	455	medium	ຈຳນວນສະມາຊິກອັນຫຼວງ	ຫຼາຍ, ຄວາມຮັ່ງມີ	ຫຼວງຫຼາຍ	The single word ຫຼວງຫຼາຍ (numerous) splits so the line ends on ອັນຫຼວງ, which reads as great/royal, before ຫຼາຍ resumes on the next line.	ok	p-200
GC37	{GC596.4}	455	low	ຄວາມສະຫວ່າງ. ເຖິງ	ແມ່ນວ່າ ຈິດສຳນຶກ	ເຖິງແມ່ນວ່າ	The fixed conjunction ເຖິງແມ່ນວ່າ (although) splits after ເຖິງ, which alone reads as the verb reach/until at line end.	ok	p100
GC36	{GC589.1}	449	low	ມັນປິ່ນປົວພະຍາດ	ໂຣຄາ ແລະ ນຳສະເໜີ	ພະຍາດໂຣຄາ	The coordinate compound ພະຍາດໂຣຄາ (disease) splits, leaving ໂຣຄາ orphaned at the start of the next line as though a separate item.	ok	p100
GC38	{GC611.2}	466	medium	ເມື່ອເລີ່ມຕົ້ນການປະກາດຂ່າວ	ປະເສີດ ເພື່ອເຮັດໃຫ້	ຂ່າວປະເສີດ	The fixed term ຂ່າວປະເສີດ (gospel) is split so the line ends on ຂ່າວ (news) and ປະເສີດ opens the next line as a stray adjective.	ok	p100
GC38	{GC607.1}	463	low	ມີການປະກາດໃຫ້ຄົນທັງ	ຫຼາຍເອົາໃຈໃສ່	ທັງຫຼາຍ	The plural marker ທັງຫຼາຍ is split between ທັງ and ຫຼາຍ, so ຫຼາຍ (many) opens the next line as if a new quantifier.	ok	p100
GC39	{GC623.1}	475	low	ຄວາມຜິດບາບເພື່ອເຮົາທັງ	ຫຼາຍຢູ່ນັ້ນ	ທັງຫຼາຍ	The plural marker ທັງຫຼາຍ in ເຮົາທັງຫຼາຍ is split between ທັງ and ຫຼາຍ.	ok	p100

# TIER D: low/medium reader flags, compound not in lexicon (unverified) - 450 rows
chapter	anchor	pdf_page	severity	line_end	next_line_start	split_word	description	match	junction
GC00	{GC17.1}	7	low	“ພຣະຄຳພີພາກພັນທະສັນຍາ	ເດີມ” ຫຼືວ່າ	ພັນທະສັນຍາເດີມ	The fixed title ພັນທະສັນຍາເດີມ (Old Testament) is split before ເດີມ, leaving the quoted title's final syllable stranded at the next line start.	ok	LW
GC00	{GC17.1}	7	low	ຂໍ້ຍົກເວັ້ນຢູ່ບໍ່ເທົ່າ	ໃດຄຳ:	ເທົ່າໃດ	The unit ບໍ່ເທົ່າໃດ (only a few) is split inside ເທົ່າໃດ, so the next line opens with the orphaned ໃດຄຳ which momentarily reads as 'which word'.	ok	LW
GC01	{GC17.2}	9	medium	ທ່າມກາງຄົນໂບກກ້ານ	ຕານ ແລະ ສຽງໂຮ່ຮ້ອງ	ກ້ານຕານ	The compound ກ້ານຕານ (palm branch) is split so the line ends on ໂບກກ້ານ (waving a stalk) and the next line opens with the bare word ຕານ (palmyra).	ok	LW
GC01	{GC17.2}	9	low	ຮ້ອງໄຫ້ສຽງດັງ ດ້ວຍຄວາມທຸກ	ໃຈຢ່າງຮຸນແຮງ	ຄວາມທຸກໃຈ	ຄວາມທຸກໃຈ (anguish) is split before ໃຈ, so the line ends on the complete-looking word ຄວາມທຸກ and ໃຈ starts the next line as an apparent separate word.	ok	LW
GC01	{GC18.1}	10	medium	ຄວາມທຸກທໍລະມານ ແລະ ປະຕູ	ແກະ ບ່ອນທີ່	ປະຕູແກະ	The gate name ປະຕູແກະ (Sheep Gate) is split, so the next line opens with the bare word ແກະ which first reads as 'sheep' or 'to carve' on its own.	ok	LW
GC01	{GC18.2}	10	medium	ແກວ່ງໝໍ້ຂາງເຄື່ອງຫອມໄປ	ມາຕາມພິທີ	ໄປມາ	The pair ໄປມາ (back and forth) is split so the next line begins ມາຕາມພິທີ, which misreads as 'came according to the rite' instead of 'swung to and fro per the rite'.	ok	LW
GC01	{GC19.1}	11	medium	ທຳລາຍພວກເຂົາ ແລະ ທີ່	ສະຖິດຂອງພຣະອົງ	ທີ່ສະຖິດ	The noun ທີ່ສະຖິດ (dwelling place) is split after ທີ່, which at line end parses as the relativizer particle and garden-paths the reader before ສະຖິດ appears.	ok	LW
GC01	{GC25.2}	15	medium	ຈະເກີດຂຶ້ນເມື່ອ	ໃດ? ແລະມີສິ່ງໃດ	ເມື່ອໃດ	The interrogative ເມື່ອໃດ (when) is split, leaving ເມື່ອ read as 'when/at the time that' at line end and the orphan ໃດ? opening the next line.	ok	LW
GC01	{GC30.2}	18	low	ພ້ອມທີ່ຈະຍົກທຸງ	ຂາວຍອມຈຳນົນ	ທຸງຂາວ	The compound ທຸງຂາວ (white flag of surrender) is split, so the line ends on a complete-seeming 'raise the flag' and ຂາວ starts the next line detached.	ok	LW
GC01	{GC32.1}	19	medium	ນາງຈະກາຍເປັນຄົນໝົດ	ຫວັງ ເພາະຂາດອາຫານ	ໝົດຫວັງ	ໝົດຫວັງ (hopeless) is split so the line ends on ເປັນຄົນໝົດ, which misreads as 'become entirely/used up', before ຫວັງ appears on the next line.	ok	LW
GC01	{GC32.3}	20	low	ອ້ອນວອນຢ່າງສຸດ	ຝີປາກ ເພື່ອໂນ້ມນ້າວ	ສຸດຝີປາກ	The idiom ສຸດຝີປາກ (with utmost eloquence) is split after ສຸດ, leaving ຢ່າງສຸດ reading as a finished phrase and ຝີປາກ stranded.	ok	LW
GC01	{GC32.3}	20	low	ຂອງພວກເຂົາ, ສະຖານ	ນະມັດສະການ ແລະ	ສະຖານນະມັດສະການ	The single compound ສະຖານນະມັດສະການ (place of worship) is split between its halves, leaving ສະຖານ dangling at line end.	ok	LW
GC03	{GC49.2}	33	medium	ຢ່າງລັບໆ ແລະ ມິດ	ງຽບ ແຕ່ຕໍ່ມາ	ມິດງຽບ	The single word ມິດງຽບ (silently) is split as ມິດ / ງຽບ; ມິດ dangles at line end as a non-word in context and ງຽບ starts the next line as an apparent standalone 'quiet'.	notfound	None
GC02	{GC40.2}	26	medium	ເຄືອຂ່າຍທີ່ຍາວຫຼາຍ	ກິໂລແມັດ. ຜູ້ຕິດຕາມ	ຫຼາຍກິໂລແມັດ	The quantity-plus-unit phrase ຍາວຫຼາຍກິໂລແມັດ (many kilometers long) breaks after ຫຼາຍ, so the line end first reads as the complete phrase 'very long' and ກິໂລແມັດ is left orphaned at the next line start.	ok	LW
GC02	{GC39.2}	25	medium	ຄົນທີ່ຖືຕາມລັດທິນອກ	ສາສະໜາກໍເຫັນວ່າ	ນອກສາສະໜາ	The compound ນອກສາສະໜາ (pagan) splits as ນອກ / ສາສະໜາ, so the next line opens with ສາສະໜາກໍເຫັນວ່າ, which momentarily reads as 'the religion also saw that'.	ok	LW
GC03	{GC49.2}	33	medium	ພວກປະໂຣຫິດຂອງບັນດາພຣະ	ທຽມເທັດ ແລະ ແບບຜູ້ນຳ	ພຣະທຽມເທັດ	The compound ພຣະທຽມເທັດ (false gods) breaks as ພຣະ / ທຽມເທັດ; the line end reads as a complete phrase 'priests of the gods' and ທຽມເທັດ dangles at the next line start.	ok	LW
GC01	{GC34.1}	21	low	ໃນສາຍຕາຄົນຢິວ? ຈອມ	ພູເຂົາທັງຍອດ	ຈອມພູເຂົາ	The compound ຈອມພູເຂົາ (mountain summit) splits after ຈອມ, which alone at line end tends to read as the title prefix 'supreme'.	ok	LW
GC01	{GC34.1}	21	low	ໄໝ້ຢ່າງຮຸນແຮງດັ່ງເຫວ	ນະຣົກ. ແຜ່ນໄມ້ສົນສີດາ	ເຫວນະຣົກ	The compound ເຫວນະຣົກ (pit of hell) splits as ເຫວ / ນະຣົກ, leaving 'like an abyss' seemingly complete at line end and 'hell' opening the next line.	ok	LW
GC01	{GC34.1}	21	low	ຍ້ອນຄວາມຄັບແຄ້ນ	ໃຈ. ສຽງທະຫານໂຣມ	ຄັບແຄ້ນໃຈ	The psych compound ຄັບແຄ້ນໃຈ splits before ໃຈ, so the next line begins with the lone word ໃຈ followed immediately by a period.	ok	LW
GC01	{GC37.1}	23	low	ສະຫງ່າຣາສີຂອງພຣະເຈົ້າ ກັບ	ກາຍເປັນໄຟທີ່ເຜົາຜານ	ກັບກາຍເປັນ	The verb phrase ກັບກາຍເປັນ (turned into) splits after ກັບ, which alone at line end reads as the conjunction 'with'.	ok	LW
GC02	{GC40.1}	26	low	ຄົນທັງຫຼາຍກໍຕົບ	ມືຫົວຂວັນ. {GC 40.1}	ຕົບມື	The verb compound ຕົບມື (clap) splits as ຕົບ / ມື, leaving ຕົບ at line end reading as 'slap' and ມືຫົວຂວັນ opening the next line.	ok	LW
GC02	{GC43.1}	28	low	ເອົາຮູບພຣະເຢຊູ, ຮູບນາງ	ມາຣີ ຫຼື ຮູບພວກນັກບຸນ	ນາງມາຣີ	The name unit ນາງມາຣີ (Mary) splits between the title ນາງ and the proper name, an awkward break inside a personal name.	ok	LW
GC03	{GC53.2}	36	medium	ເພີ່ມຄວາມສຳຄັນຂອງວັນ	ອາທິດຂຶ້ນອີກ	ວັນອາທິດ	ວັນອາທິດ (Sunday) is split so the next line opens with ອາທິດ, momentarily read as 'week' rather than the day name.	ok	LW
GC03	footnote	36	medium	ຂໍໃຫ້ຜູ້	ພິພາກສາທຸກຄົນ	ຜູ້ພິພາກສາ	The lexicalized noun ຜູ້ພິພາກສາ (judge) is split after ຜູ້, leaving 'let every person...' at line end and a dangling verb ພິພາກສາ opening the next line.	ok	LW
GC03	footnote	36	medium	ການປູກຕົ້ນ	ອະງຸ່ນ ແລະ	ຕົ້ນອະງຸ່ນ	ຕົ້ນອະງຸ່ນ (grapevine) is split so the line ends reading 'planting trees' complete and the next opens with bare ອະງຸ່ນ (grapes).	ok	LW
GC03	{GC54.1}	37	medium	ຊົງຮັບເອົານັ້ນຕັ້ງແຕ່ເມື່ອ	ໃດ? ມີເຫດຜົນອັນໃດ	ເມື່ອໃດ	The interrogative ເມື່ອໃດ (when) is split so ໃດ stands alone at the start of the line before the question mark.	ok	LW
GC04	{GC64.1}	45	medium	ສາຍພູພີດມົງ (Piedmon	nt) ເຊິ່ງຢູ່ໃນດິນແດນ	Piedmont	The romanized name Piedmont is wrapped without a hyphen and at a bad point (Piedmon/nt), unreadable as the English name.	notfound	None
GC04	{GC67.1}	47	medium	ສາມາດທ່ອງພຣະຄຳພີ	ເດີມ ແລະ ພຣະຄຳພີໃໝ່	ພຣະຄຳພີເດີມ	The fixed title ພຣະຄຳພີເດີມ (Old Testament) is split so the line ends reading 'could recite the Bible' complete and ເດີມ dangles at the next line start.	ok	LW
GC03	{GC58.2}	40	low	ຈາກຄວາມເຂົ້າໃຈ	ຜິດໃນເລື່ອງດວງວິນຍານ	ຄວາມເຂົ້າໃຈຜິດ	The tight compound ເຂົ້າໃຈຜິດ (misunderstanding) is split so the first line reads as complete 'understanding' before ຜິດ appears.	ok	LW
GC03	{GC58.3}	40	low	ສຳລັບທໍລະມານດວງ	ວິນຍານຂອງຄົນ	ດວງວິນຍານ	The unit ດວງວິນຍານ (soul) is split between its classifier ດວງ and ວິນຍານ, leaving ດວງ dangling at the line end.	ok	LW
GC04	{GC61.1}	43	low	ເຮືອງອຳນາດນັ້ນ ແສງ	ສະຫວ່າງແຫ່ງຄວາມຈິງ	ແສງສະຫວ່າງ	The compound ແສງສະຫວ່າງ (light) is split after ແສງ; readable but an awkward break inside a single lexical unit.	ok	LW
GC04	{GC62.4}	44	low	ແລະ ມີຫຼາຍ	ພັນຄົນຫຼົງຄຳໂນ້ມນ້າວ	ຫຼາຍພັນຄົນ	The quantity expression ຫຼາຍພັນຄົນ (many thousands of people) is split between the numeral and its multiplier, so the first line reads 'there were many' as complete.	ok	LW
GC04	{GC65.2}	46	low	ຫຼາຍຮ້ອຍ	ປີກ່ອນການປະຕິຮູບ	ຫຼາຍຮ້ອຍປີ	The number and its unit are split (ຫຼາຍຮ້ອຍ / ປີ), separating 'many hundred' from 'years'.	ok	LW
GC04	{GC65.3}	46	low	ໄລຍະເວລາໜຶ່ງພັນ	ປີ.	ໜຶ່ງພັນປີ	The number and its unit are split (ໜຶ່ງພັນ / ປີ), leaving the lone word ປີ. as the entire start of the next line.	ok	LW
GC04	{GC67.3}	47	low	ທີ່ດິນທຸກແມັດ	ມົນທົນຕາມພູເຂົາ	ແມັດມົນທົນ	The elaborated measure expression ແມັດມົນທົນ is split so ມົນທົນ opens the next line and can be misread as the standalone word 'blemish'.	ok	LW
GC04	{GC68.1}	48	low	ເພື່ອລ້ຽງ	ຊີບໃນກໍລະນີຈຳເປັນ	ລ້ຽງຊີບ	The compound ລ້ຽງຊີບ (earn a living) is split so the bound morpheme ຊີບ, which does not stand alone, opens the next line.	ok	LW
GC04	{GC69.2}	49	low	ໄວໜຸ່ມສາວ ແລະ ໄວ	ຜູ້ໃຫຍ່.	ໄວຜູ້ໃຫຍ່	The compound ໄວຜູ້ໃຫຍ່ (adulthood) is split after ໄວ, leaving it dangling at the line end and ຜູ້ໃຫຍ່ reading as plain 'adults'.	ok	LW
GC04	{GC71.1}	50	medium	ເຄື່ອງປະດັບ ແລະ ສິນ	ຄ້າອື່ນທີ່ໃນສະໄໝນັ້ນຫາຊື້ໄດ້ຍາກ	ສິນຄ້າ	The compound ສິນຄ້າ (merchandise) is split so the line ends on ສິນ and the next begins ຄ້າ, which reads momentarily as the verb 'to trade'.	ok	LW
GC04	{GC77.1}	54	medium	ຖ້າຫາກ “ພວກເສດ	ມະນຸດທີ່ເປັນຕາຊັງທີ່ສຸດ	ເສດມະນຸດ	The epithet ເສດມະນຸດ (dregs of humanity) inside the quotation is split after ເສດ, leaving 'ພວກເສດ' as a dangling fragment and ມະນຸດ opening the next line as if a new word.	ok	LW
GC04	{GC78.1}	55	low	ເປັນພະຍານເພື່ອພຣະເຈົ້າຫຼາຍຮ້ອຍ	ປີກ່ອນທີ່ ມາຕິນ ລູເທີ	ຫຼາຍຮ້ອຍປີ	The quantity ຫຼາຍຮ້ອຍປີ (many hundreds of years) is split between the number and its unit, stranding ປີ at the start of the next line.	ok	LW
GC05	{GC84.1}	60	low	ບໍ່ຮູ້ຈັກອີ່ມຈັກ	ພໍ. ພວກເຂົາກ່າວວ່າ	ຈັກພໍ	The idiom ບໍ່ຮູ້ຈັກອີ່ມຈັກພໍ is split so the single syllable ພໍ plus a period is stranded at the head of the next line.	ok	LW
GC05	{GC86.1}	62	medium	ສັນຕະປາປາເກຼັກກໍຣີ	ທີ 11 (Gregory XI) ເສຍຊີວິດລົງ	ເກຼັກກໍຣີທີ 11	The papal name Gregory XI is split between the transliterated name and its ordinal ທີ 11, breaking a proper-name unit across the line.	ok	LW
GC05	{GC88.1}	63	low	ໄວ້ໃນມືຂອງເພື່ອນຮ່ວມ	ຊາດ ເຊິ່ງເປັນອາວຸດ	ເພື່ອນຮ່ວມຊາດ	The compound ເພື່ອນຮ່ວມຊາດ (fellow countrymen) is split before its final syllable, stranding ຊາດ at the start of the next line.	ok	LW
GC05	{GC88.1}	64	low	ພັດກະໜ່ຳຢູ່ຂ້າງ	ນອກ.	ຂ້າງນອກ	The compound ຂ້າງນອກ (outside) is split so the line ends on ຂ້າງ (side) and the next begins with the stray syllable ນອກ.	ok	LW
GC05	{GC88.2}	64	medium	ດີກວ່າຜົນ	ງານທີ່ເຄີຍໄດ້ຮັບ	ຜົນງານ	ຜົນງານ (achievement) is split into ຜົນ (result) and ງານ (work), both real words, so the junction reads as two different words.	ok	LW
GC05	{GC88.3}	64	medium	ຈຶ່ງມີຫຼາຍຄົນເຕັມ	ໃຈລົງມືຊ່ວຍ	ເຕັມໃຈ	ເຕັມໃຈ (willing) is split so the line ends on ເຕັມ (full) and the next line starts with ໃຈ (heart), each reading as an independent word.	ok	LW
GC05	{GC90.2}	65	low	ໃນເວລານັ້ນ; ຫາກ	ແຕ່ເພິ່ນປະກາດວ່າ	ຫາກແຕ່	The conjunction ຫາກແຕ່ (but rather) is split, leaving ຫາກ stranded at line end and ແຕ່ opening the next line as if a plain 'but'.	ok	LW
GC05	{GC90.2}	65	low	ຖ້າຢ່າງນັ້ນ ກໍເທົ່າ	ກັບເປັນການນຳເອົາ	ເທົ່າກັບ	ເທົ່າກັບ (is equivalent to) is split between its two syllables, each of which reads as a separate word.	ok	LW
GC05	{GC90.3}	65	medium	ຊາຍຊະລາຄົນໜຶ່ງທີ່ເປັນໄມ້	ໃກ້ຝັ່ງບໍ?	ໄມ້ໃກ້ຝັ່ງ	The idiom ໄມ້ໃກ້ຝັ່ງ (an old man near death) is split after ໄມ້, which alone reads literally as 'wood' before the eye reaches ໃກ້ຝັ່ງ.	ok	LW
GC05	{GC90.3}	65	medium	ໂດຍບໍ່ມີສັດຕູຄູ່	ອາຄາດຄົນໃດ	ຄູ່ອາຄາດ	The compound ຄູ່ອາຄາດ (sworn adversary) in ສັດຕູຄູ່ອາຄາດ is split, leaving the bound element ອາຄາດ to open the next line.	ok	LW
GC05	{GC90.4}	65	medium	ໂດຍມີເນື້ອ	ໃນດັ່ງລຸ່ມນີ້:	ເນື້ອໃນ	ເນື້ອໃນ (contents) is split so the line ends 'ມີເນື້ອ' (has flesh) and the next opens with ໃນ read as the preposition 'in'.	ok	LW
GC05	{GC91.1}	66	medium	ຕໍ່ຄົນທັງປວງ ໂດຍ	ສະເພາະຕໍ່ເຈົ້າຄະນະ	ໂດຍສະເພາະ	The adverb ໂດຍສະເພາະ (especially) is split, leaving ໂດຍ reading as a bare 'by' and ສະເພາະ stranded at line start.	ok	LW
GC05	{GC92.3}	67	medium	ໃຫ້ຈູດໄຟທີ່ຫຼັກ	ປະຫານໄວ້ເລີຍ,	ຫຼັກປະຫານ	ຫຼັກປະຫານ (the execution stake) is split into ຫຼັກ (post) and ປະຫານ (execute), each parsing as its own word across the break.	ok	LW
GC05	{GC92.4}	67	low	ບໍ່ດົນເພິ່ນກໍເສຍ	ຊີວິດ.	ເສຍຊີວິດ	The lexicalized verb ເສຍຊີວິດ (to die) is split so the line ends on ເສຍ (lose) with ຊີວິດ carried to the next line.	ok	LW
GC05	{GC94.1}	68	medium	ພາຍຫຼັງສາມາດທຽບ	ເທົ່າເພິ່ນ;	ທຽບເທົ່າ	ທຽບເທົ່າ (to equal, be comparable to) is split between its syllables, each of which is a standalone word.	ok	LW
GC05	{GC94.2}	68	medium	ຂອງພຣະເຈົ້າໂດຍ	ກົງ ເຊິ່ງ	ໂດຍກົງ	The adverb ໂດຍກົງ (directly) is split, leaving ກົງ (straight) stranded at the start of the next line.	ok	LW
GC05	{GC95.2}	69	low	ຕໍ່ມາ 40 ກວ່າ	ປີຫຼັງຈາກ	40 ກວ່າປີ	The numeral expression 40 ກວ່າປີ (over 40 years) is split so its unit ປີ (years) is separated from the number onto the next line.	ok	LW
GC05	{GC95.2}	69	medium	ໄຫຼໄປລົງຊ່ອງແຄບທະເລ	ນ້ອຍ ແລະ ຈາກທະເລນ້ອຍ	ທະເລນ້ອຍ	The name ທະເລນ້ອຍ (the narrow sea, repeated whole later in the same sentence) is split, leaving ນ້ອຍ (small) stranded at line start.	ok	LW
GC06	{GC97.1}	71	medium	ເພີ່ມຂຶ້ນເທົ່າ	ໃດ ພຣະຄຳ	ເທົ່າໃດ	ເທົ່າໃດ (however much) in the correlative 'ເພີ່ມຂຶ້ນເທົ່າໃດ...' is split, leaving the bare particle ໃດ to open the next line.	ok	LW
GC06	{GC97.2}	71	medium	ຖືກປະຫານຊີວິດ. ຕໍ່	ມາມີການປະກາດວ່າ	ຕໍ່ມາ	ຕໍ່ມາ (later) is split so the next line opens with ມາມີ, which momentarily reads as the verb ມາ (come) plus ມີ (have).	ok	LW
GC06	{GC99.3}	73	medium	ພຣະອົງທີ່ເດີນຕີນ	ເປົ່າ ແລະ	ຕີນເປົ່າ	ຕີນເປົ່າ (barefoot) is split so the line ends on ຕີນ (foot) and the next begins with ເປົ່າ read alone as 'empty'.	ok	LW
GC06	{GC101.1}	73	medium	ດັ່ງກ່າວ ຄົນ	ຕາຍບໍ່ສາມາດເຂົ້າສະຫວັນ	ຄົນຕາຍ	ຄົນຕາຍ (the dead) is split so the next line opens with ຕາຍ read as a verb, momentarily giving 'people... die cannot enter heaven'.	ok	LW
GC06	{GC101.2}	74	medium	ຮັສຈຶ່ງກັບໄປບ້ານ	ເກີດຂອງເພິ່ນ	ບ້ານເກີດ	ບ້ານເກີດ (hometown) is split so the line ends on ບ້ານ (house) and the next opens with ເກີດ read alone as 'be born'.	ok	LW
GC06	{GC101.2}	74	low	ເພາະດ້ວຍການເສີມ	ກຳລັງຈາກພຣະອົງ	ເສີມກຳລັງ	The compound ເສີມກຳລັງ (strengthening) is split between ເສີມ and ກຳລັງ, each reading as a separate word.	ok	LW
GC06	{GC102.1}	74	low	ຫວັງວ່າຈະເອົາ	ຊະນະເພິ່ນ	ເອົາຊະນະ	The compound verb ເອົາຊະນະ (to defeat) is split, leaving ເອົາ (take) at line end and ຊະນະ (win) at line start.	ok	LW
GC06	{GC102.1}	74	low	ຂອງເພິ່ນກັບຈິດສຳນຶກ	ຜິດຊອບ.	ຈິດສຳນຶກຜິດຊອບ	The set term ຈິດສຳນຶກຜິດຊອບ (conscience) is split, leaving ຜິດຊອບ stranded as the whole start of the next line.	ok	LW
GC06	{GC104.3}	76	low	ບາດຫຼວງນ້ອຍ	ໃຫຍ່ທັງໝົດ	ນ້ອຍໃຫຍ່	The paired expression ນ້ອຍໃຫຍ່ (small and great) in ບາດຫຼວງນ້ອຍໃຫຍ່ is split, so the line ends on 'minor priests' and the next opens with ໃຫຍ່ (big).	ok	LW
GC06	{GC105.1}	77	medium	ຄວາມທຸກແນ່ ໂດຍ	ສະເພາະຖ້າ	ໂດຍສະເພາະ	The adverb ໂດຍສະເພາະ (especially) is split again here, leaving ສະເພາະ stranded at the start of the next line.	ok	LW
GC06	{GC105.1}	77	low	ຂ້າພະເຈົ້າໄດ້ກັບ	ຄືນໄປຫາພວກເຈົ້າ	ກັບຄືນ	ກັບຄືນ (to return) is split between its syllables, with ຄືນ opening the next line and momentarily reading as 'night'.	ok	LW
GC06	{GC 108.4}	79	medium	ມີເຈົ້າຄະນະຜັດ	ວຽນສາບແຊ່ງເພິ່ນ	ຜັດວຽນ	The compound ຜັດວຽນ (take turns) splits so the line ends on ຜັດ, which reads alone as stir-fry or postpone before the eye reaches ວຽນ.	ok	LW
GC06	{GC 114.2}	83	medium	ຄວາມໂຫດຮ້າຍຍິ່ງກວ່າຊາວເທີກ20	, ຊາວຢິວ ຫຼື	ຊາວເທີກ20,	The next line begins with a bare comma stranded after the footnote marker 20, which a printed line must never open with.	notfound	None
GC06	{GC 116.2}	85	medium	ຈົນເຫຼືອແຕ່ສາຍ	ນ້ຳກັ້ນຢູ່ລະຫວ່າງກາງ	ສາຍນ້ຳ	The compound ສາຍນ້ຳ (stream) splits so the line ends on ສາຍ, which reads alone as cord or strap before ນ້ຳ appears on the next line.	ok	LW
GC06	{GC 116.3}	86	medium	ນາຍພົນ ແລະ ທະຫານ	ບົກຕ່າງຄົນຕ່າງແກວ່ງ	ທະຫານບົກ	The compound ທະຫານບົກ (ground troops) splits so the next line opens with the stranded syllable ບົກ, which reads alone as dry land or deficient.	ok	LW
GC06	{GC 118.3}	87	medium	ກອງທັບອ່ອນກຳລັງ, ຄັງ	ເງິນກໍແຫ້ງ	ຄັງເງິນ	The compound ຄັງເງິນ (treasury) splits so the line ends on the dangling ຄັງ (storehouse) right after a comma, leaving ເງິນ to open the next line.	ok	LW
GC07	{GC127.1}	94	medium	ໂຕ໊ະຂອງຄົນແລກ	ປ່ຽນເງິນ8	ແລກປ່ຽນ	The compound ແລກປ່ຽນ (exchange) in ຄົນແລກປ່ຽນເງິນ (money changer) is split, leaving ຄົນແລກ at line end and ປ່ຽນເງິນ (change money) starting the next line as separate readings.	ok	LW
GC07	{GC129.1}	95	low	ໜ້າກຽດຊັງໃນສາຍ	ພຣະເນດຂອງພຣະເຈົ້າ	ສາຍພຣະເນດ	The fixed royal compound ສາຍພຣະເນດ (the sight/gaze of God) is split after ສາຍ, which alone reads as line/cord before the eye jumps to ພຣະເນດ.	ok	LW
GC07	{GC130.1}	96	medium	ການຂາຍໃບລ້າງ	ບາບນີ້ເປັນພຽງລະຄອນຕະຫຼົກ	ໃບລ້າງບາບ	The key term ໃບລ້າງບາບ (indulgence) is split so the next line opens with ບາບນີ້, which momentarily reads as 'this sin' instead of completing the compound.	ok	LW
GC07	{GC138.2}	101	medium	ໄດ້ຮັບຕຳແໜ່ງສືບ	ທອດຕາມສາຍເລືອດ	ສືບທອດ	The compound ສືບທອດ (inherit, pass down) is split so the next line begins with ທອດ, which alone reads as fry/cast rather than completing 'inherited by blood line'.	ok	LW
GC08	{GC145.1}	107	medium	ແລະ ຢູ່ເບື້ອງ	ຫຼັງການຂຶ້ນຄອງ	ເບື້ອງຫຼັງ	The compound ເບື້ອງຫຼັງ (behind the scenes) is split, leaving ຫຼັງ at line start where it can attach forward as ຫຼັງການຂຶ້ນຄອງ (after the accession).	ok	LW
GC08	{GC153.1}	113	medium	ໃນອົງພຣະເຢຊູຄຣິສ	ເຈົ້າ.”	ພຣະເຢຊູຄຣິສເຈົ້າ	The divine title ພຣະເຢຊູຄຣິສເຈົ້າ is split so a lone ເຈົ້າ (you/lord) strands at the start of the next line before the closing quote.	ok	LW
GC08	{GC153.3}	113	medium	ລໍຖ້າເພິ່ນຢູ່ຂ້າງ	ໜ້າ. ແຕ່ເພິ່ນ	ຂ້າງໜ້າ	ຂ້າງໜ້າ (ahead) is split so the line ends on ຂ້າງ (beside) and the next opens on a stranded ໜ້າ (face/page) followed by a period.	ok	LW
GC08	{GC155.2}	114	medium	ມີເຈົ້າແຂວງສອງ	ສາມຄົນສັງເກດ	ສອງສາມຄົນ	The number expression ສອງສາມຄົນ (two or three) is split between ສອງ and ສາມ, so the first line momentarily reads as 'two princes' before the count restarts as 'three people'.	ok	LW
GC08	{GC156.3}	115	medium	ມາເຖິງຈຸດ	ຈົບເສຍແລ້ວ	ຈຸດຈົບ	ຈຸດຈົບ (the end) is split so ຈຸດ (point) strands at line end and the next line opens with ຈົບ (finish) parsing as a bare verb.	ok	LW
GC08	{GC160.3}	118	medium	ເຮັດໃຫ້ໃບ	ໜ້າຂອງເພິ່ນ	ໃບໜ້າ	ໃບໜ້າ (face) is split mid-word so ໃບ strands at line end reading as leaf/classifier and the next line opens on ໜ້າ.	ok	LW
GC08	{GC161.4}	119	medium	ບໍ່ມີຄວາມເຜັດ	ຮ້ອນ ຫຼື	ເຜັດຮ້ອນ	The compound ເຜັດຮ້ອນ (harsh/fiery) is split so the line ends on ເຜັດ (spicy) and the next begins ຮ້ອນ (hot), each reading as a literal taste/temperature word.	ok	LW
GC07	{GC144.1}	106	low	ພວກຜູ້ປະກາດພຣະທຳ	ປອມ.” (ລູກາ 6:26)	ຜູ້ປະກາດພຣະທຳປອມ	The fixed term ຜູ້ປະກາດພຣະທຳປອມ (false prophets) is split so a lone ປອມ (fake) strands at line start before the closing quote.	ok	LW
GC08	{GC146.2}	108	low	ມີການຕິດໃບ	ປະກາດພິເສດ	ໃບປະກາດ	The noun ໃບປະກາດ (bull/notice) is split so ປະກາດ at line start can momentarily parse as the verb 'to announce'.	ok	LW
GC08	{GC148.2}	109	low	ຂຸນນາງທີ່ເສຍ	ຍົດ ແລະ	ເສຍຍົດ	The compound ເສຍຍົດ (disgraced/demoted) is split so ຍົດ (rank) strands alone at line start before ແລະ.	ok	LW
GC08	{GC151.2}	112	low	ຊາວອີຕາລີຄົນ	ໜຶ່ງ ທີ່ຖືກຂ້າ	ຄົນໜຶ່ງ	The classifier-numeral unit ຄົນໜຶ່ງ (one person) is split, stranding ໜຶ່ງ at the start of the next line.	ok	LW
GC08	{GC153.2}	113	low	ຈະເຂົ້າເມືອງນັ້ນຢູ່	ດີ.”	ຢູ່ດີ	The fixed expression ຢູ່ດີ (anyway/still) is split so a lone ດີ strands at line start followed only by the closing quote.	ok	LW
GC08	{GC160.2}	118	low	ຜິດ, ຈິດສຳນຶກ	ຜິດຊອບຂອງຂ້າພະເຈົ້າ	ຈິດສຳນຶກຜິດຊອບ	The lexicalized term ຈິດສຳນຶກຜິດຊອບ (conscience) is split so the next line opens on ຜິດ (wrong), inviting a false parse right after the preceding ຜິດ.	ok	LW
GC08	{GC161.4}	119	low	ດ້ວຍຄວາມສະຫງົບ	ເຢັນ ແລະ ສັກສີ	ສະຫງົບເຢັນ	The compound ສະຫງົບເຢັນ (composed/calm) is split so ເຢັນ (cold) strands at line start reading literally.	ok	LW
GC08	{GC164.2}	121	medium	ປີລາດໄດ້ປິດຫົວ	ໃຈຂອງຕົນເອງຕໍ່ພຣະຜູ້ໄຖ່	ຫົວໃຈ	The word ຫົວໃຈ (heart) breaks after ຫົວ, so the line ends reading ປິດຫົວ (closed his head) before the reader recovers ໃຈ on the next line.	ok	LW
GC08	{GC164.2}	121	medium	ຢາກເປັນທີ່ນິຍົມຂອງມວນ	ຊົນ. ຜູ້ປົກຄອງເຟລິກ	ມວນຊົນ	The word ມວນຊົນ (the masses) breaks after ມວນ, leaving a dangling ມວນ at line end and a bare ຊົນ opening the next line.	ok	LW
GC08	{GC165.2}	122	medium	ເພາະຢ້ານອັນຕະລາຍ, ເປັນ	ຫຍັງຈະໃຫ້ຄວາມຢ້ານກົວ	ເປັນຫຍັງ	The interrogative ເປັນຫຍັງ (why) breaks after ເປັນ, which attaches to the preceding clause as the verb "to be" before the reader finds ຫຍັງ on the next line.	ok	LW
GC09	{GC177.2}	132	medium	ແຕ່ສວິງລີຮັບ	ມືກັບສິ່ງເຫຼົ່ານີ້ດ້ວຍຄວາມອົດທົນ	ຮັບມື	The compound verb ຮັບມື (to cope with) breaks after ຮັບ, so the line ends reading "Zwingli received" and the next line opens with the bare noun ມື (hand).	ok	LW
GC09	{GC178.4}	132	medium	ສ່ວນໃນສວິສເຊີແລນ ໃບລ້າງ	ບາບນັ້ນຖືກມອບໄວ້	ໃບລ້າງບາບ	The coined term ໃບລ້າງບາບ (indulgence certificate) breaks after ໃບລ້າງ, splitting the fixed three-part term so the next line opens with the bare word ບາບ (sin).	ok	LW
GC08	{GC163.2}	120	low	ເມື່ອຮັສຢູ່ຕໍ່	ໜ້າສະພາ	ຕໍ່ໜ້າ	The compound preposition ຕໍ່ໜ້າ (in front of) breaks after ຕໍ່, so the line ends reading ຢູ່ຕໍ່ (continue to stay) and the next line opens with ໜ້າສະພາ.	ok	LW
GC08	{GC164.2}	121	low	ແຕ່ກັບຫັນ	ຫຼັງໃສ່ຂ່າວປະເສີດ	ຫັນຫຼັງ	The idiom ຫັນຫຼັງໃສ່ (turn one's back on) breaks between ຫັນ and ຫຼັງ, leaving the bare verb ຫັນ (turn) at line end.	ok	LW
GC09	{GC173.1}	128	low	ແສງທຳອິດກ່ອນອາລຸນເບີກ	ຟ້າ.	ອາລຸນເບີກຟ້າ	The dawn idiom ອາລຸນເບີກຟ້າ breaks between ເບີກ and ຟ້າ, stranding the single syllable ຟ້າ as the whole start of the next line.	ok	LW
GC09	{GC181.1}	134	medium	ມີຜູ້ແທນຄົນໜຶ່ງຂອງເຈົ້າ	ຄະນະໄດ້ຮັບເຊື່ອໃນຄຳສອນ	ເຈົ້າຄະນະ	The title ເຈົ້າຄະນະ is split so the line ends on ຂອງເຈົ້າ (of you) and the next begins with ຄະນະ (committee), breaking the office title into two ordinary words.	ok	LW
GC09	{GC182.2}	135	low	ສ່ວນນັກສຶກສາທັງສອງ	ຄົນກໍຈະນຳຈົດໝາຍກັບມາ	ທັງສອງຄົນ	The numeral phrase ສອງຄົນ is split between the number and its classifier, leaving ຄົນ stranded at the line start.	ok	LW
GC09	{GC183.2}	135	low	ເຈົ້າຂອງ	ບ້ານທີ່ ເອໂກລຳພາດິອັດ ພັກຢູ່	ເຈົ້າຂອງບ້ານ	The lexicalized compound ເຈົ້າຂອງບ້ານ (host/landlord) wraps between ເຈົ້າຂອງ and ບ້ານ, momentarily reading as owner then a bare house.	ok	LW
GC10	{GC186.2}	138	medium	ທຳລາຍວຽກງານຂອງລູເທີຕ່າງ	ຫາກ, ເພາະພວກເຂົາປະຕິເສດ	ຕ່າງຫາກ	The single word ຕ່າງຫາກ (rather/instead) is split so the next line opens with ຫາກ, which reads as the conditional if.	ok	LW
GC10	{GC192.1}	142	low	ພ້ອມທີ່ຈະຄ້ອຍ	ຕາມຄວາມຄິດນີ້	ຄ້ອຍຕາມ	The compound verb ຄ້ອຍຕາມ (to lean toward/follow) is split, leaving ຄ້ອຍ (slope) dangling at the line end.	ok	LW
GC10	{GC192.1}	142	medium	ຕໍ່ຕ້ານຄຳສອນ ແລະ ຂໍ້	ອ້າງຂອງພວກເຂົາ	ຂໍ້ອ້າງ	The single word ຂໍ້ອ້າງ (claim/pretension) is split into ຂໍ້ / ອ້າງ, each of which is an ordinary word, obscuring the noun being coordinated with ຄຳສອນ.	ok	LW
GC10	{GC193.3}	143	medium	ນັ້ນເອງ. ການດົນ	ບັນດານໃຈທີ່ມູນເຊີ	ການດົນບັນດານໃຈ	The compound ດົນບັນດານໃຈ (inspiration) is split after ດົນ, so the line ends on ການດົນ which reads as a long duration.	ok	LW
GC10	{GC195.2}	144	medium	ອະທິບາຍຫຼັກຄວາມຈິງ; ຊາວ	ບ້ານທີ່ຮູ້ພຣະຄຳພີ	ຊາວບ້ານ	The word ຊາວບ້ານ (villagers) is split so the line ends on the bare ຊາວ, which can momentarily read as the numeral twenty.	ok	LW
GC11	{GC197.2}	147	medium	ຈັກກະພັດຊານສ໌ທີ 5 ຕັ້ງ	ໜ້າຕັ້ງຕາເພື່ອທຳລາຍ	ຕັ້ງໜ້າຕັ້ງຕາ	The four-syllable idiom ຕັ້ງໜ້າຕັ້ງຕາ (earnestly set upon) is split after its first syllable, so the next line opens with ໜ້າຕັ້ງຕາ, an unparseable fragment beginning with face.	ok	LW
GC11	{GC198.1}	148	medium	ເຖິງແມ່ນວ່າມີຂໍ້	ຫ້າມກໍຕາມ	ຂໍ້ຫ້າມ	The single word ຂໍ້ຫ້າມ (prohibition) is split into ຂໍ້ / ຫ້າມ, so the next line opens with the bare verb forbid.	ok	LW
GC11	{GC198.3}	148	medium	ໃຫ້ລູເທີເປັນບຸກຄົນຕ້ອງ	ຫ້າມນັ້ນ	ຕ້ອງຫ້າມ	The fixed compound ຕ້ອງຫ້າມ (banned) in ບຸກຄົນຕ້ອງຫ້າມ is split, so the line ends on ຕ້ອງ reading as must and the next opens with the bare verb forbid.	ok	LW
GC11	{GC198.3}	148	medium	ເຈົ້າແຂວງຜູ້ມີສິດເລືອກຈັກກະພັດ5	. ເຈົ້າແຂວງ	ຈັກກະພັດ5.	The next line begins with an orphaned sentence-final period (pushed after the footnote reference 5), which must never start a line.	notfound	None
GC12? no GC11		156	low				placeholder	nochapter	None
GC12	{GC220.3}	166	medium	ການເຮັດບຸນທຳ	ທານ ຫຼື ພິທີກຳ	ເຮັດບຸນທຳທານ	The elaborate compound ເຮັດບຸນທຳທານ is split between ທຳ and ທານ, leaving ບຸນທຳ dangling and ທານ (alms) standing alone at line start.	ok	LW
GC12	{GC222.2}	168	medium	ໃຫ້ໃຊ້ໂບດ, ເຈົ້າ	ຍິງມາກາເຣັດຈຶ່ງເປີດປະຕູ	ເຈົ້າຍິງ	The title ເຈົ້າຍິງ (princess) is split before the name, so ເຈົ້າ alone ends the line and ຍິງມາກາເຣັດ (woman Margaret) opens the next.	ok	LW
GC12	{GC230.2}	173	medium	ໃນເຫດການຄັ້ງທີ	ສອງນັ້ນມີຄວາມວຸ້ນວາຍ	ຄັ້ງທີສອງ	The ordinal ທີສອງ (second) is split between the ordinal marker ທີ and ສອງ, leaving ຄັ້ງທີ dangling at line end.	ok	LW
GC12	{GC230.3}	174	medium	ຄວາມໂຫດຫ້ຽມສະຫຍອງ	ຂວັນຄອງເມືອງ.	ສະຫຍອງຂວັນ	The compound ສະຫຍອງຂວັນ in the Reign-of-Terror term is split, so the next line opens ຂວັນຄອງເມືອງ, which can misread as 'the spirit rules the city'.	ok	LW
GC12	{GC219.1}	165	low	ໃນປ່າ ແລະ ໃນຖ້ຳ	ຫີນເຊິ່ງເປັນບ່ອນ	ຖ້ຳຫີນ	The compound ຖ້ຳຫີນ (rock cave) is split, leaving ຫີນ (stone) to start the next line as an apparent new noun.	ok	LW
GC12	{GC221.3}	167	low	ແຕ່ເພິ່ນລັງເລ	ໃຈທີ່ຈະເປັນຜູ້ສອນ	ລັງເລໃຈ	The compound ລັງເລໃຈ (hesitant) is split so ໃຈ (heart) opens the next line detached from its verb.	ok	LW
GC12	{GC222.1}	167	low	ໃນເລື່ອງຂໍ້	ຂັດແຍ້ງທາງຫຼັກສາສະໜາສາດ	ຂໍ້ຂັດແຍ້ງ	The lexical unit ຂໍ້ຂັດແຍ້ງ (dispute) is split, leaving the bound element ຂໍ້ dangling at line end.	ok	LW
GC12	{GC225.2}	170	low	ມີຊ່າງ	ຝີມືຜູ້ທຸກຍາກຄົນໜຶ່ງ	ຊ່າງຝີມື	The compound ຊ່າງຝີມື (craftsman) is split so ຝີມື (skill) opens the next line as an apparent separate noun.	ok	LW
GC12	{GC226.1}	170	low	ໄດ້ຜົນເທົ່າກັບຫຼັກ	ປະຫານຂອງຜູ້ທີ່ສະຫຼະຊີວິດ	ຫຼັກປະຫານ	The set compound ຫຼັກປະຫານ (execution stake) is split, leaving ຫຼັກ (pillar) dangling at line end.	ok	LW
GC12	{GC226.2}	170	low	ແລ້ວຈະໂຄ່ນ	ລົ້ມລັດຖະບານ	ໂຄ່ນລົ້ມ	The single verb ໂຄ່ນລົ້ມ (overthrow) is split into ໂຄ່ນ and ລົ້ມ, each of which reads as its own verb across the break.	ok	LW
GC12	{GC227.1}	171	low	ຊ່າງຝີມື, ນັກ	ພິມ, ນັກວິຊາການ	ນັກພິມ	The noun ນັກພິມ (printer) is split after the agent prefix ນັກ, which dangles at line end in a list of occupations.	ok	LW
GC12	{GC228.1}	171	low	ຍ່າງເປັນຄູ່ເປັນ	ຄູ່.” ຈາກນັ້ນ	ເປັນຄູ່ເປັນຄູ່	The fixed reduplicated phrase ເປັນຄູ່ເປັນຄູ່ (two by two) is split inside its second half, ending the line on a dangling ເປັນ.	ok	LW
GC12	{GC230.2}	173	low	2,800 ຄົນເສຍ	ຊີວິດຍ້ອນມີດປະຫານ	ເສຍຊີວິດ	The verb compound ເສຍຊີວິດ (die) is split so the line ends '2,800 ຄົນເສຍ', momentarily reading as 'lost' before ຊີວິດ appears.	ok	LW
GC12	{GC231.1}	174	low	ຖືກຂັບໄລ່ອອກຈາກບ້ານ	ເກີດເມືອງນອນຂອງຕົນ	ບ້ານເກີດເມືອງນອນ	The idiom ບ້ານເກີດເມືອງນອນ (homeland) is split inside its first pair ບ້ານເກີດ, so ເກີດ (born/happen) opens the next line as an apparent verb.	ok	LW
GC13	{GC237.1}	179	medium	ພຣະອົງຊົງໃຫ້ຄ່າ	ສິນສອດທີ່ບໍ່ເສື່ອມໂຊມ	ຄ່າສິນສອດ	ຄ່າສິນສອດ (dowry) splits so the first line reads ໃຫ້ຄ່າ (gives value) before ສິນສອດ appears on the next line.	ok	LW
GC13	{GC237.1}	179	medium	ແທນທີ່ຈະເຮັດຄືຜູ້ລ້ຽງ	ແກະ, ທ່ານພັດເຮັດຄືໝາປ່າ	ຜູ້ລ້ຽງແກະ	The compound ຜູ້ລ້ຽງແກະ (shepherd) splits, leaving ແກະ (sheep) stranded at the start of the next line.	ok	LW
GC13	{GC238.3}	180	medium	ແຕ່ກໍບໍ່ໄດ້ຜົນເຊັ່ນ	ກັນ. ເມື່ອເວລາຜ່ານໄປ	ເຊັ່ນກັນ	ເຊັ່ນກັນ (likewise) splits so the line ends on ເຊັ່ນ, which misreads as 'such as', with ກັນ orphaned on the next line.	ok	LW
GC13	{GC239.2}	180	medium	ຄວາມລຳບາກຍາກ	ເຢັນ ແລະ ຄວາມຂັດສົນ	ຍາກເຢັນ	The doublet ຄວາມລຳບາກຍາກເຢັນ splits before ເຢັນ, which then reads at line start as the standalone word 'cold'.	ok	LW
GC13	{GC239.3}	181	low	ກະສັດຟີລິບ	ທີ 2. {GC 239.3}	ຟີລິບທີ 2	The royal name Philip II splits between the name and its ordinal, leaving ທີ 2 alone at the line start.	notfound	None
GC13	{GC240.1}	181	low	ອະທິຖານເພື່ອອົງ	ປະມຸກຂອງຊາດ	ອົງປະມຸກ	ອົງປະມຸກ (head of state) splits after the bound prefix ອົງ, which dangles at the line end.	ok	LW
GC13	{GC241.1}	182	low	ນັກວິຊາການຂອງຄຣິສຕະຈັກ	ໂຣມຈະຕ້ອງບໍ່ສ່ຽງອັນຕະລາຍ	ຄຣິສຕະຈັກໂຣມ	The name ຄຣິສຕະຈັກໂຣມ splits so the next line opens with ໂຣມຈະຕ້ອງ, inviting a misparse of Rome as a new subject.	ok	LW
GC13	{GC241.2}	182	low	ເຈົ້າໜ້າທີ່ສຳນັກ	ນັກບວດຜິດໃຈ	ສຳນັກນັກບວດ	ສຳນັກນັກບວດ (monastery) splits so the next line opens with ນັກບວດຜິດໃຈ, readable as 'the monks were offended'.	ok	LW
GC13	{GC241.2}	182	medium	ລົງທະບຽນເປັນນັກ	ສຶກສາຢູ່ເມືອງວິດເທັນເບີກ	ນັກສຶກສາ	ນັກສຶກສາ (student) splits after the bound prefix ນັກ, which cannot stand alone at a line end.	ok	LW
GC13	{GC242.1}	182	low	ຂັບໄລ່ລາວອອກຈາກສຳນັກ	ນັກບວດແທນ	ສຳນັກນັກບວດ	ສຳນັກນັກບວດ (monastery) splits again between ສຳນັກ and ນັກບວດ, so the next line reads as 'monks instead'.	ok	LW
GC13	{GC243.1}	183	medium	ຕົກຢູ່ໃນຄວາມທຸກ	ຍາກ ແລະ ຕົກຕ່ຳ	ຄວາມທຸກຍາກ	ຄວາມທຸກຍາກ (poverty) splits so the first line reads complete as ຄວາມທຸກ (suffering) and ຍາກ (difficult) is orphaned.	ok	LW
GC14	{GC245.1}	185	medium	ໃນການໃຫ້ພຣະຄຳພີແກ່ຄົນຮ່ວມ	ຊາດ. {GC 245.1}	ຄົນຮ່ວມຊາດ	ຄົນຮ່ວມຊາດ (compatriots) splits so ຊາດ stands alone at the line start and ຄົນຮ່ວມ reads incompletely.	notfound	None
GC14	{GC245.2}	185	medium	ຫາເຫຍື່ອຂອງມັນ? ນັ້ນ	ແຫຼະ, ພຣະເຈົ້າອົງດຽວກັນ	ນັ້ນແຫຼະ	The unit ນັ້ນແຫຼະ splits so the next line begins with the bound final particle ແຫຼະ, which cannot open a line.	ok	LW
GC14	{GC246.2}	186	medium	ຮັບແສງສະຫວ່າງໃນຍາມທ່ຽງ	ວັນໜ້ອຍກວ່າຕອນຮຸ່ງເຊົ້າບໍ?	ທ່ຽງວັນ	ທ່ຽງວັນ (midday) splits so ຍາມທ່ຽງ reads complete as 'noon' and the next line opens with ວັນໜ້ອຍກວ່າ, misreading as 'fewer days'.	ok	LW
GC14	{GC246.2}	186	medium	ພາສາແມ່ຂອງພວກເຂົາ.” ພວກນັກ	ສາສະໜາສາດ ແລະ ພວກອາຈານ	ນັກສາສະໜາສາດ	ນັກສາສະໜາສາດ (theologians) splits after the bound prefix ນັກ, which dangles at the line end.	ok	LW
GC14	{GC246.4}	186	medium	ເພິ່ນກໍເລີ່ມພິມພຣະຄຳພີ	ໃໝ່ເປັນພາສາອັງກິດທີ່ນັ້ນ	ພຣະຄຳພີໃໝ່	The title ພຣະຄຳພີໃໝ່ (New Testament) splits so the junction misreads as 'print the Bible anew in English'.	ok	LW
GC14	{GC247.1}	186	medium	ເມືອງເດີຮາມ (Durham) ກວາດ	ຊື້ພຣະຄຳພີທຸກເຫຼັ້ມ	ກວາດຊື້	The compound verb ກວາດຊື້ (buy up) splits so ກວາດ reads alone as 'sweep' at the line end.	ok	LW
GC14	{GC247.1}	186	medium	ໝູ່ເພື່ອນຂອງທິນເດວ; ເຈົ້າ	ຄະນະຜູ້ນັ້ນຄິດວ່າ	ເຈົ້າຄະນະ	The title ເຈົ້າຄະນະ (prelate) splits so ເຈົ້າ reads alone as 'lord/you' at the line end and ຄະນະ as 'committee' at the line start.	ok	LW
GC14	{GC249.2}	188	low	ຍອມຈຳນົນຕໍ່ຄຣິສຕະຈັກ	ໂຣມໄປແລ້ວ, ຄຣິສຕະຈັກຕ່າງໆ	ຄຣິສຕະຈັກໂຣມ	The name ຄຣິສຕະຈັກໂຣມ splits so the next line opens with ໂຣມໄປແລ້ວ, readable as 'Rome already went'.	ok	LW
GC14	{GC249.3}	188	medium	ຖືກນຳເຂົ້າມາ, ຕໍ່	ມາກໍມີພຣະຄຳພີໃໝ່	ຕໍ່ມາ	The adverb ຕໍ່ມາ (later) splits so ຕໍ່ dangles after a comma and the next line opens with ມາກໍມີ, briefly misreadable as ມາກ.	ok	LW
GC14	{GC251.1}	189	low	ພວກອາຈານຂອງຄຣິສຕະຈັກ	ໂຣມັນກາໂຕລິກກໍຕີຄວາມ	ຄຣິສຕະຈັກໂຣມັນກາໂຕລິກ	The name ຄຣິສຕະຈັກໂຣມັນກາໂຕລິກ splits so ໂຣມັນກາໂຕລິກ opens the next line as if a new subject.	ok	LW
GC14	{GC251.4}	190	low	ຜູ້ປົກຄອງຊາວ	ໂປຣແຕັສຕັງບໍ່ຄ່ອຍໄດ້ນຳໃຊ້	ຊາວໂປຣແຕັສຕັງ	ຊາວໂປຣແຕັສຕັງ splits after the bound prefix ຊາວ, so ຜູ້ປົກຄອງຊາວ misreads as 'rulers of the people'.	ok	LW
GC14	{GC255.3}	193	medium	ຜູ້ຊົງຮັບເອົາບາບ	ກຳຂອງມະນຸດສະໂລກໄປເສຍ	ບາບກຳ	The compound ບາບກຳ (sin) is split so the next line opens with ກຳຂອງມະນຸດສະໂລກ, which reads as 'the karma/grip of mankind' instead of continuing 'sin'.	ok	LW
GC14	{GC259.1}	195	low	ນ້ຳພຣະໄທຂອງພຣະອົງ. ສອງ	ປີກ່ອນ, ມີດິນຈີ່	ສອງປີກ່ອນ	The number ສອງ is separated from its unit ປີກ່ອນ ('two years ago'), leaving a bare numeral dangling at the line end.	ok	LW
GC14	{GC259.1}	195	low	ຄ່ຳຄືນນີ້ກໍຖືກຕີສອງ	ເທື່ອ, ເທື່ອໜຶ່ງ	ສອງເທື່ອ	The number ສອງ is separated from its classifier ເທື່ອ ('two times'), breaking the number-unit pair across the line.	ok	LW
GC14	{GC259.2}	195	low	ພວກເຂົາຖືກຟ້ອງຂຶ້ນສານ	ຍຸຕິທຳ, ເຊິ່ງໃນສະໄໝນັ້ນ	ສານຍຸຕິທຳ	The compound ສານຍຸຕິທຳ (court of justice) is split after ສານ, so ຍຸຕິທຳ opens the next line detached from its head noun.	ok	LW
GC14	{GC261.3}	197	medium	ເປັນທີ່ພໍພຣະໄທພຣະເຈົ້າ ພຣະ	ຜູ້ໂຜດຊ່ວຍໃຫ້ພົ້ນຂອງພວກເຮົາ	ພຣະຜູ້ໂຜດຊ່ວຍໃຫ້ພົ້ນ	The divine title ພຣະຜູ້ໂຜດຊ່ວຍໃຫ້ພົ້ນ is split right after the bound honorific prefix ພຣະ, which cannot stand alone at a line end.	ok	LW
GC14	{GC261.3}	197	low	ຄືພຣະຄຣິສ	ເຈົ້າເຢຊູຜູ້ຊົງສະພາບເປັນມະນຸດ	ພຣະຄຣິສເຈົ້າເຢຊູ	The divine name ພຣະຄຣິສເຈົ້າເຢຊູ is wrapped mid-name, separating ພຣະຄຣິສ from ເຈົ້າເຢຊູ.	ok	LW
GC14	{GC264.2}	199	low	ຈົບຊີວິດລົງໃນອາຍຸ 80 ກວ່າ	ປີ ມີລູກສິດ	80 ກວ່າປີ	The age expression 80 ກວ່າປີ ('80-some years') is split before its unit ປີ, detaching the number phrase from its unit.	ok	LW
GC15	{GC266.4}	202	low	ການປະຕິຮູບຄັ້ງໃຫຍ່ໃນສະຕະວັດ	ທີ 16 ການຂົ່ມເຫັງ	ສະຕະວັດທີ 16	The ordinal expression ສະຕະວັດທີ 16 (16th century) is split between the noun and its ordinal number.	ok	LW
GC15	{GC267.1}	202	low	ຕົ້ນກອກເທດສອງ	ຕົ້ນ ແລະ ຄັນຕະກຽງຄຳ	ສອງຕົ້ນ	The number ສອງ is separated from its classifier ຕົ້ນ ('two olive trees'), leaving the numeral dangling at the line end.	ok	LW
GC15	{GC267.1}	202	low	ຄຳທຳນວາຍຂອງພຣະຄຳພີ	ເດີມ ໄດ້ຊີ້ໄປຂ້າງໜ້າ	ພຣະຄຳພີເດີມ	The title ພຣະຄຳພີເດີມ (Old Testament) is split so the line ends reading 'prophecies of the Bible' and ເດີມ is orphaned at the next line start.	ok	LW
GC15	{GC269.2}	204	low	ແມ່ນໃຜ? ເປັນ	ຫຍັງເຮົາຈະຕ້ອງຟັງ	ເປັນຫຍັງ	The question word ເປັນຫຍັງ (why) is split, so the line ends on a bare ເປັນ that momentarily reads as the verb 'is'.	ok	LW
GC15	{GC269.2}	204	medium	ນອກຈາກນັ້ນ “ມະຫາ	ນະຄອນ” ນັ້ນ ຍັງມີອີກຊື່ໜຶ່ງ	ມະຫານະຄອນ	The word ມະຫານະຄອນ (great city) is split after the bound prefix ມະຫາ, which cannot stand alone at a line end, and inside a quotation.	ok	LW
GC15	{GC271.2}	205	medium	ຍິງສາວທີ່ອ່ອນໂຍນ ພ້ອມດ້ວຍຜູ້	ດີທັງຫຼາຍໄດ້ຊົມຊື່ນຍິນດີ	ຜູ້ດີ	The word ຜູ້ດີ (gentry/refined people) is split so ຜູ້ dangles at the line end and the next line reads as 'all the good ones' rather than 'the gentry'.	ok	LW
GC15	{GC271.3}	205	medium	ຍ່າງຜ່ານປ່າ	ເຂົາທີ່ພວກຄຣິສຕຽນເຄີຍປະຊຸມ	ປ່າເຂົາ	The compound ປ່າເຂົາ (forested hills) is split so the next line opens with ເຂົາ, which reads as the pronoun 'they' before its relative clause.	ok	LW
GC15	{GC271.3}	205	low	ຖືກທຳລາຍດ້ວຍດາບ, ດ້ວຍມີດ	ປະຫານ ແລະ ກອງໄຟປະຫານ	ມີດປະຫານ	The compound ມີດປະຫານ (execution blade/guillotine) is split between ມີດ and ປະຫານ, breaking the instrument term across the line.	ok	LW
GC15	{GC271.3}	205	medium	ຕາມໂບດໃນນະຄອນ	ຫຼວງລ້ວນແຕ່ມີການສຶກສາສູງ	ນະຄອນຫຼວງ	The compound ນະຄອນຫຼວງ (capital city) is split, so the first line reads complete as "churches in the city" and the stranded ຫຼວງ (royal/great) risks attaching to the following words.	ok	LW
GC15	{GC275.1}	208	medium	ພວກເຂົາກໍເຮັດພິທີຖອດຜ້າ	ມ່ານອອກດ້ວຍທ່າທີທີ່ໜ້າຊົມເຊີຍ	ຜ້າມ່ານ	The compound ຜ້າມ່ານ (veil/curtain) is split so the line ends on ຖອດຜ້າ, which reads as "undress/remove the cloth", before ມ່ານ corrects the sense on the next line.	ok	LW
GC15	{GC284.1}	214	low	ພວກນັກປະຕິວັດພັກຢາໂກບິນ (Jacobin) ຈັບເດັກ	ອ່ອນກິນນົມຄາເຕົ້າ ໃຊ້ຫອກແທງ	ເດັກອ່ອນ	The compound ເດັກອ່ອນ (infant) is split, so the line ends on ຈັບເດັກ (seize a child) and ອ່ອນ opens the next line as a stray modifier.	ok	LW
GC15	{GC274.1}	207	low	ແລ້ວປະກາດໃຫ້ກອງ	ປະຊຸມແຫ່ງຊາດຟັງວ່າ	ກອງປະຊຸມ	The compound ກອງປະຊຸມ (assembly) is split, leaving the line to end on ກອງ, which alone reads as "pile/troop".	ok	LW
GC15	{GC286.1}	215	low	ແຕ່ການລ່ວງ	ລະເມີດພຣະບັນຍັດທີ່ທ່ຽງທຳ	ລ່ວງລະເມີດ	The tight compound ລ່ວງລະເມີດ (transgress) is split, so ການລ່ວງ ends the line as an awkward incomplete nominalization.	ok	LW
GC15	{GC287.3}	216	low	ແຕ່ຊ່ວງທ້າຍສະຕະວັດ	ທີ 18 ກໍມີການປ່ຽນແປງອັນໃຫຍ່ຫຼວງ	ສະຕະວັດທີ 18	The ordinal unit ສະຕະວັດທີ 18 (18th century) is split between the noun and its ordinal marker, stranding ທີ 18 at the start of the line.	ok	LW
GC15	{GC283.1}	213	low	ຝ່າຍໜຶ່ງຕໍ່ສູ້ກັບອີກຝ່າຍ	ໜຶ່ງ ຈົນປະເທດຝຣັ່ງໄດ້ກາຍເປັນສະໜາມຮົບ	ອີກຝ່າຍໜຶ່ງ	The unit ອີກຝ່າຍໜຶ່ງ (the other side) is split before its number word, leaving ໜຶ່ງ stranded at the line start where it briefly reads with the following clause.	ok	LW
GC15	{GC277.1}	209	low	ອຳນາດຜະເດັດການຂອງຕົນຈະໄດ້ຮັບຜົນ	ກະທົບ. {GC 277.1}	ຜົນກະທົບ	The compound ຜົນກະທົບ (impact) is split so the line ends on ໄດ້ຮັບຜົນ, which reads complete as "receive results", before ກະທົບ corrects it.	notfound	None
GC16	{GC292.1}	221	medium	ເລື່ອງນີ້ເປັນເຫດໃຫ້ເສົ້າ	ໃຈຫຼາຍທີ່ສຸດ,	ເສົ້າໃຈ	The compound ເສົ້າໃຈ (grieved) is split so the next line opens with ໃຈຫຼາຍທີ່ສຸດ, which reads as the stray word 'heart' starting a clause.	ok	LW
GC16	{GC292.3}	222	medium	ແມ່ນແຕ່ທ່າມກາງນັກ	ຄິດ ແລະ ຄົນສອນສິນທຳ	ນັກຄິດ	The single word ນັກຄິດ (thinker) is split after the agent prefix ນັກ, leaving ນັກ stranded at line end and ຄິດ reading as a bare verb 'think' at line start.	ok	LW
GC16	{GC294.3}	223	low	ດັ່ງ	ນີ້ແຫຼະ, ເພິ່ນຈຶ່ງຝ່າຟັນ	ດັ່ງນີ້ແຫຼະ	The fixed expression ດັ່ງນີ້ແຫຼະ (thus indeed) is split after ດັ່ງ, leaving the demonstrative-particle cluster ນີ້ແຫຼະ to open the next line detached from its head.	ok	LW
GC16	{GC295.2}	224	low	ປະຈັກແຈ້ງດ້ວຍຕົວຂອງມັນ	ເອງຄື ມະນຸດທຸກຄົນ	ຕົວຂອງມັນເອງ	The bound emphatic ເອງ begins the next line, severed from ມັນ in the unit ຕົວຂອງມັນເອງ (by itself), so the line opens with a dependent particle.	ok	LW
GC16	{GC295.2}	224	low	ໜ້າທີ່ສາທາລະນະໃດໆພາຍໃຕ້ສະຫະລັດ	ອາເມຣິກາ.	ສະຫະລັດອາເມຣິກາ	The country name ສະຫະລັດອາເມຣິກາ (United States of America) is split between its two components across the line break.	ok	LW
GC17	{GC301.2}	228	medium	ພຣະອົງຂຶ້ນສູ່ສະຫວັນນັ້ນ	ແຫຼະ. (ກິດຈະການ 1:11)	ນັ້ນແຫຼະ	The next line begins with the bound final particle ແຫຼະ, severed from ນັ້ນ in ນັ້ນແຫຼະ; a dependent particle cannot stand at a line start.	notfound	None
GC17	{GC302.3}	229	low	ເຊີນສະເດັດມາ	ເທີ້ນ! (ພຣະນິມິດ 22:20)	ມາເທີ້ນ	The next line opens with the bound hortative particle ເທີ້ນ, detached from the verb ມາ it modifies in the quoted prayer.	notfound	None
GC17	{GC306.1}	232	medium	ຜ່ານພົ້ນໄປແລ້ວ ດວງ	ອາທິດຈະມືດໄປ	ດວງອາທິດ	The word ດວງອາທິດ (sun) is split after the classifier ດວງ, so the next line opens with ອາທິດຈະມືດໄປ, which misreads as 'the week will go dark'.	ok	LW
GC17	{GC308.2}	234	medium	ຕົ້ນໄມ້ໃນລະດູໃບໄມ້	ປົ່ງ ແລະ ຊົງກ່າວວ່າ	ລະດູໃບໄມ້ປົ່ງ	The season name ລະດູໃບໄມ້ປົ່ງ (spring) is split before ປົ່ງ, so the line ends on ລະດູໃບໄມ້ ('leaf season') and ປົ່ງ dangles as a bare verb at line start.	ok	LW
GC17	{GC309.2}	235	medium	ຄົນທັງຫຼາຍຈະສາລະວົນກັບທຸລະກິດການ	ງານ ແລະ ການສະແຫວງຫາຄວາມບັນເທີງໃຈ	ທຸລະກິດການງານ	The compound ການງານ (work, affairs) is split so the line ends on ທຸລະກິດການ and the next line opens with bare ງານ, which reads as a standalone word (festival/work).	ok	LW
GC17	{GC310.1}	235	medium	ເຮົາຈະລົງໂທດປະຊາຊົນທີ່ສ້າງຄວາມອີ່ມອົກອີ່ມ	ໃຈວ່າ, ‘ບໍ່ວ່າຮ້າຍຫຼືດີ	ອີ່ມອົກອີ່ມໃຈ	The four-syllable elaborate expression ອີ່ມອົກອີ່ມໃຈ is cut before its final syllable, leaving the truncated ຄວາມອີ່ມອົກອີ່ມ at line end and a bare ໃຈ opening the next line.	ok	LW
GC17	{GC311.1}	236	medium	ຈົ່ງສັ່ງໃຫ້ອົດ	ອາຫານ ແລະ ເອີ້ນປະຊຸມກັນເຖີດ	ອົດອາຫານ	The compound ອົດອາຫານ (to fast) is split so the line ends on ອົດ, which momentarily reads as the verb endure/refrain before ອາຫານ appears on the next line.	ok	LW
GC17	{GC315.4}	239	medium	ຄຣິສຕະຈັກທີ່ຫຼົງໄປຈາກຄວາມເຊື່ອ ໄດ້ຫຼັບ	ຫູຫຼັບຕາຕໍ່ໝາຍສຳຄັນຕ່າງໆ	ຫຼັບຫູຫຼັບຕາ	The idiom ຫຼັບຫູຫຼັບຕາ (shut eyes and ears) is split after its first syllable, so the line ends ໄດ້ຫຼັບ and reads as "has slept" before the idiom completes on the next line.	ok	LW
GC18	{GC319.2}	242	medium	ຜູ້ທີ່ສຳຄັນທີ່ສຸດທ່າມກາງຄົນນັບ	ໝື່ນ ແລະ ພຣະຄຳພີ	ນັບໝື່ນ	The number expression ນັບໝື່ນ (tens of thousands) is split so the line ends ຄົນນັບ ("people counting") and the numeral ໝື່ນ stands alone at the start of the next line.	ok	LW
GC18	{GC322.2}	245	medium	ເມື່ອບຸດ	ມະນຸດສະເດັດມາ	ບຸດມະນຸດ	The fixed title ບຸດມະນຸດ (Son of Man) is split so the next line opens ມະນຸດສະເດັດມາ, which reads as "mankind comes" and loses the title.	ok	LW
GC17	{GC309.2}	235	low	ຮູ້ເຖິງໝາຍສຳຄັນຂອງການສະເດັດກັບ	ມາຂອງພຣະອົງ	ກັບມາ	The verb compound ກັບມາ (return) is split so the line ends ການສະເດັດກັບ, where ກັບ momentarily reads as the preposition "with", and the next line opens with a stranded ມາຂອງ.	ok	LW
GC17	{GC309.2}	235	low	ຈົ່ງເຝົ້າລະວັງ ແລະ ພາວັນນາ	ອະທິຖານຢູ່ທຸກເວລາ	ພາວັນນາອະທິຖານ	The coordinate compound ພາວັນນາອະທິຖານ (pray) is split between its two halves; each half is a word, so the break is readable but divides what functions as one term.	ok	LW
GC18	{GC325.1}	247	low	ດານີເອນ “ກຸ້ມໃຈຫຼາຍ ແລະ ເຈັບ	ປ່ວຍຢູ່ເປັນເວລາຫຼາຍວັນ	ເຈັບປ່ວຍ	The coordinate compound ເຈັບປ່ວຍ (be ill) is split; both halves are independent words so the break is recoverable but divides one lexical unit inside a quotation.	ok	LW
GC18	{GC328.3}	249	medium	ຄຳພະຍາກອນຊີ້ໄປຍັງ ລະດູໃບໄມ້	ຫຼົ່ນ ຂອງປີນັ້ນ	ລະດູໃບໄມ້ຫຼົ່ນ	The season name autumn is split so the first line ends with 'leaf season' and the next line opens with the bare verb 'fall', breaking the emphasized term in half.	ok	LW
GC18	{GC329.3}	250	medium	ຫຼັກຖານຕ່າງໆທີ່ສ້າງຄວາມປະທັບ	ໃຈໃຫ້ແກ່ຂ້າພະເຈົ້າ	ຄວາມປະທັບໃຈ	The lexicalized word ປະທັບໃຈ (impression) is split, leaving the orphan ໃຈ (heart) to open the next line.	ok	LW
GC18	{GC329.3}	250	medium	ຢ່າງເຕັມທີ່ວ່າ ຈຸດ	ຢືນຂອງເພິ່ນນັ້ນຖືກຕ້ອງ	ຈຸດຢືນ	The compound ຈຸດຢືນ (standpoint) is split into 'point' and 'stand', which read as separate words across the break.	ok	LW
GC18	{GC331.2}	251	low	ເພີ່ມທະວີຄູນຕາມສະໄໝ	ນິຍົມ	ສະໄໝນິຍົມ	The compound ສະໄໝນິຍົມ (current fashion) is split, leaving ນິຍົມ stranded at the start of the next line.	ok	LW
GC18	{GC332.1}	252	low	ມາຈາກຊັບສິນສ່ວນ	ຕົວ; ແລະຕໍ່ມາ	ສ່ວນຕົວ	The single word ສ່ວນຕົວ (personal) is split so the line ends on ສ່ວນ (part) and the next opens with the orphan ຕົວ (body/self).	ok	LW
GC18	{GC333.1}	252	medium	ດາວຕົກຄັ້ງໃຫຍ່ໃນວັນ	ທີ 13 ພະຈິກ 1833	ວັນທີ 13	The date unit ວັນທີ is split from its number, so the next line opens with the stranded ordinal marker ທີ 13 which momentarily reads as 'the 13th'.	ok	LW
GC18	{GC335.2}	254	low	ເປັນຄົນຖ່ອມ	ຕົວຕາມແບບຂອງຄຣິສຕຽນ	ຖ່ອມຕົວ	The single word ຖ່ອມຕົວ (humble) is split, leaving ຕົວ to open the next line where it briefly attaches forward to ຕາມແບບ.	ok	LW
GC18	{GC339.2}	256	low	ການສະເດັດມາຄັ້ງທີ	ສອງຂອງພຣະຄຣິສ	ຄັ້ງທີສອງ	The ordinal ທີສອງ (second) is split between its marker and its number, stranding ສອງ at the start of the next line.	ok	LW
GC18	{GC340.1}	257	low	ແລະ ຖ່ອມ	ໃຈລົງຕໍ່ພຣະພັກພຣະເຈົ້າ	ຖ່ອມໃຈ	The single word ຖ່ອມໃຈ (humble oneself) is split, leaving ໃຈລົງ to open the next line as if 'heart down' were a phrase.	ok	LW
GC18	{GC340.1}	257	medium	ຈະຕ້ອງຕາຍໄປຕະຫຼອດ	ການ. ພຣະວິນຍານ	ຕະຫຼອດການ	The adverb ຕະຫຼອດການ (forever) is split so the next line opens with the orphan ການ immediately before a period, which reads as a dangling nominalizer.	ok	LW
GC18	{GC341.2}	258	low	ແລະປະຕິບັດຕາມຂໍ້	ຄວາມທີ່ມີຄຳຂຽນໄວ້	ຂໍ້ຄວາມ	The word ຂໍ້ຄວາມ (text/message) is split inside a quoted phrase, and line-initial ຄວາມ reads as a nominalizer trying to attach forward.	ok	LW
GC19	{GC343.3}	261	low	ໂລກສັນໃດ ວິຖີ	ທາງທັງຄວາມຄິດເຮົາ	ວິຖີທາງ	The compound ວິຖີທາງ (ways) is split in a scripture quotation, leaving ທາງ to open the next line where it briefly reads as a fresh word.	ok	LW
GC19	{GC346.1}	263	low	ພຣະອົງໄດ້ປະກາດຂ່າວ	ສານແຫ່ງຄວາມລອດພົ້ນ	ຂ່າວສານ	The compound ຂ່າວສານ (message) splits so the next line opens with ສານ, which reads as a standalone word (court/substance).	ok	LW
GC19	{GC346.4}	264	medium	ຈະນະມັດສະການ ແລະ ເຊື່ອ	ຟັງພຣະອົງ	ເຊື່ອຟັງ	The compound ເຊື່ອຟັງ (obey) splits into ເຊື່ອ (believe) and ຟັງ (listen), so the line reads 'worship and believe / listen to Him'.	ok	LW
GC19	{GC348.2}	265	medium	ສວນເຄັດເຊມາເນ, ສານ	ພິພາກສາ ແລະ ໄມ້ກາງແຂນ	ສານພິພາກສາ	The compound ສານພິພາກສາ (tribunal) splits, leaving ສານ dangling at line end where it can be read as 'message'.	ok	LW
GC19	{GC348.2}	265	medium	ຈຳເປັນໃນການຕີ	ສອນພວກເຂົາ	ຕີສອນ	The compound ຕີສອນ (chastise/discipline) splits into ຕີ (hit) and ສອນ (teach), each reading as its own verb.	ok	LW
GC19	{GC349.1}	265	medium	ຄຳພະຍາກອນຂອງພຣະຄຳພີ	ເດີມ	ພຣະຄຳພີເດີມ	The fixed name ພຣະຄຳພີເດີມ (Old Testament) splits, leaving ເດີມ orphaned at the start of the next line after a phrase that already reads complete.	ok	LW
GC19	{GC349.2}	266	low	ຕະຫຼອດຊົ່ວ	ນິຣັນດອນ	ຊົ່ວນິຣັນດອນ	ຊົ່ວນິຣັນດອນ (forever) splits so the line ends on ຊົ່ວ, which momentarily reads as 'evil'.	ok	LW
GC19	{GC350.1}	266	medium	ທີ່ໄດ້ຮັບບາດ	ເຈັບເພື່ອພວກເຂົາ	ບາດເຈັບ	The compound ບາດເຈັບ (wounded) splits; ໄດ້ຮັບບາດ already reads complete ('received a wound') and ເຈັບ (hurt) opens the next line as a stray word.	ok	LW
GC19	{GC352.2}	267	medium	ທູດສະຫວັນອົງທີ	ໜຶ່ງກ່າວໃນພຣະນິມິດ	ອົງທີໜຶ່ງ	The ordinal ທີໜຶ່ງ (first) splits so the next line opens with ໜຶ່ງກ່າວ, momentarily reading as 'one spoke'.	ok	LW
GC19	{GC352.3}	268	medium	ມິນເລີກັບເພື່ອນຮ່ວມ	ງານໄດ້ເທດສະໜາປະກາດ	ເພື່ອນຮ່ວມງານ	The compound ເພື່ອນຮ່ວມງານ (colleagues) splits so the next line opens with ງານ, reading as a stray 'work/festival'.	ok	LW
GC20	{GC355.1}	271	medium	ແຜ່ນດິນໂລກ, ນ້ຳ	ທະເລ ກັບບໍ່ນ້ຳພຸ	ນ້ຳທະເລ	In the Rev 14:7 quotation the compound ນ້ຳທະເລ (the sea) splits into ນ້ຳ (water) and ທະເລ (sea), each reading as its own list item.	ok	LW
GC20	{GC357.2}	272	medium	ຕອບວ່າ: “ເປັນຕາໜ້າ	ເສົ້າແທ້!	ໜ້າເສົ້າ	The idiom ເປັນຕາໜ້າເສົ້າ (how pitiful) splits inside ໜ້າເສົ້າ, leaving the unparseable ເປັນຕາໜ້າ at line end.	ok	LW
GC20	{GC358.1}	273	medium	ວໍຟ໌ເປັນຄົນໃຈ	ແຂງ ດັດແປງບໍ່ໄດ້	ໃຈແຂງ	The compound ໃຈແຂງ (stubborn) splits so the line ends on ເປັນຄົນໃຈ and ແຂງ (hard) opens the next line as a stray word.	ok	LW
GC20	{GC358.1}	273	low	ສຶກສາຮ່ຳຮຽນສອງ	ປີ ເພິ່ນກໍອອກໄປປະກາດ	ສອງປີ	A number is separated from its unit: ສອງ (two) ends the line and ປີ (years) opens the next.	ok	LW
GC20	{GC359.1}	274	low	ພູເຂົາໝາກກອກເທດ; ສິດທິ	ອຳນາດໃນການປົກຄອງ	ສິດທິອຳນາດ	The compound ສິດທິອຳນາດ (authority) splits into ສິດທິ (rights) and ອຳນາດ (power), reading as two separate nouns.	ok	LW
GC20	{GC363.3}	277	medium	ນັ້ນ ກໍໃກ້	ຄຽງກັບເວລາ	ໃກ້ຄຽງ	The compound ໃກ້ຄຽງ (close to) splits so the line ends on ໃກ້ (near) and the next begins with ຄຽງ, breaking one word into two readable fragments.	ok	LW
GC20	{GC364.2}	278	medium	ໄດ້ຮັບການດົນ	ໃຈຈາກພຣະເຈົ້າ	ດົນໃຈ	ດົນໃຈ (inspire) splits into ດົນ (a long time) and ໃຈ (heart), each a real word, so the line end reads as a wrong word.	ok	LW
GC20	{GC364.2}	278	medium	ຄົ້ນຫາແສງ	ສະຫວ່າງເພີ່ມເຕີມ	ແສງສະຫວ່າງ	The compound ແສງສະຫວ່າງ (light) wraps between its two halves, both standalone words, splitting the single noun.	ok	LW
GC20	{GC365.1}	278	medium	ຈະມີກຸ່ມທີ	ສອງທີ່ຢາກຟັງ	ທີສອງ	The ordinal ທີສອງ (second) splits after ທີ, leaving ສອງ at the line start to read as a bare numeral.	ok	LW
GC20	{GC365.3}	278	low	ໃນຂະນະທີ່ເຝົ້າລໍ	ຄອຍການສະເດັດມາ	ລໍຄອຍ	The compound verb ລໍຄອຍ (await) splits into ລໍ and ຄອຍ across the break.	ok	LW
GC20	{GC366.1}	279	low	ຄວາມເຊື່ອທີ່ແທ້ຈິງ. ຕໍ່	ມາ, ໂກເຊັນ	ຕໍ່ມາ	The connective ຕໍ່ມາ (later) splits, leaving ຕໍ່ dangling at the line end where it can be read as the preposition 'to/against'.	ok	LW
GC20	{GC368.2}	280	medium	ໃນລະດູໃບໄມ້	ປົ່ງຂອງປີ 1844	ໃບໄມ້ປົ່ງ	The season name ລະດູໃບໄມ້ປົ່ງ (spring) splits inside ໃບໄມ້ປົ່ງ, ending the line on ໃບໄມ້ (leaves) with ປົ່ງ (sprout) stranded at the next line start.	ok	LW
GC20	{GC369.1}	281	medium	ປະຊາຊົນກໍສະເທືອນ	ໃຈ. ເມື່ອຄົນ	ສະເທືອນໃຈ	ສະເທືອນໃຈ (deeply moved) splits so the line ends on ສະເທືອນ (tremble/shake) alone and ໃຈ opens the next line as a stray syllable.	ok	LW
GC20	{GC369.1}	281	low	ຄຳສອນອັນກົງໄປກົງ	ມາ ແລະ ເຂົ້າໃຈງ່າຍ	ກົງໄປກົງມາ	The four-syllable idiom ກົງໄປກົງມາ (straightforward) breaks before its final ມາ, leaving ມາ isolated at the line start.	ok	LW
GC20	{GC369.2}	281	low	ໄດ້ລົງທຶນລົງ	ແຮງ ເພື່ອຄວາມລອດ	ລົງທຶນລົງແຮງ	The paired idiom ລົງທຶນລົງແຮງ breaks inside its second half ລົງແຮງ, stranding ແຮງ (strength) at the next line start.	ok	LW
GC20	{GC370.2}	282	low	ໃນມັດທາຍບົດ	ທີ 24	ບົດທີ 24	The chapter reference ບົດທີ 24 splits between ບົດ and ທີ 24, separating the ordinal marker and number from their noun.	ok	LW
GC20	{GC372.1}	283	low	ໄດ້ຮ່ວມມືກັບມານ	ຊາຕານໃນການ	ມານຊາຕານ	The paired name ມານຊາຕານ (the devil Satan) splits between its two halves across the break.	ok	LW
GC20	{GC373.1}	284	medium	ແລະ ຄວາມເຊື່ອ	ໝັ້ນເໝືອນກັບ	ຄວາມເຊື່ອໝັ້ນ	ຄວາມເຊື່ອໝັ້ນ (conviction) splits after ຄວາມເຊື່ອ, which reads as the complete word 'faith', leaving ໝັ້ນ stranded and misparsed at the next line start.	ok	LW
GC20	{GC374.1}	284	low	ຄົນທີ່ລໍ	ຄອຍພຣະຜູ້ຊ່ວຍໃຫ້ລອດ	ລໍຄອຍ	The compound verb ລໍຄອຍ (await) again splits into ລໍ and ຄອຍ across the break.	ok	LW
GC21	{GC375.1}	285	medium	ປະກາດກັບທຸກຄະນະ	ນິກາຍ ແລະ ທຸກພັກທຸກພວກ	ຄະນະນິກາຍ	The compound ຄະນະນິກາຍ (denomination) splits between ຄະນະ and ນິກາຍ, both standalone words, breaking the single term.	ok	LW
GC21	{GC375.2}	285	medium	ການຊັກຊວນເພື່ອນ	ມະນຸດ ໃຫ້ກຽມຈິດກຽມໃຈ	ເພື່ອນມະນຸດ	ເພື່ອນມະນຸດ (fellow men) splits so the line ends on ເພື່ອນ (friends) as a complete-seeming object and ມະນຸດ opens the next line as a separate word.	ok	LW
GC21	{GC379.2}	288	low	ເປັນເຄື່ອງຜູກ	ມັດ. ມີຮ່າງກາຍດຽວ	ຜູກມັດ	The compound ຜູກມັດ (bind together) splits into ຜູກ and ມັດ, leaving ມັດ as a one-syllable line start before the sentence break.	notfound	None
GC21	{GC379.3}	288	medium	ທູດສະຫວັນອົງທີ	ໜຶ່ງ, ຖ້າຫາກ	ທີໜຶ່ງ	The ordinal ທີໜຶ່ງ (first) splits after ທີ, stranding ໜຶ່ງ at the line start where it reads as the bare numeral 'one'.	ok	LW
GC21	{GC385.2}	292	medium	ເລື່ອງຄວາມຖ່ອມ	ຕົວ, ການປະຕິເສດຕົນເອງ	ຄວາມຖ່ອມຕົວ	The word ຖ່ອມຕົວ (humility) is split so the next line opens with bare ຕົວ (body/self), detaching the stem from its head.	ok	LW
GC21	{GC385.2}	292	medium	ສະໜອງຄວາມທະນົງ	ຕົນ ຫຼື ເພື່ອ	ຄວາມທະນົງຕົນ	The word ທະນົງຕົນ (pride) is split, leaving bare ຕົນ (oneself) at the line start, breaking the single lexeme.	ok	LW
GC21	{GC387.3}	293	low	ທຸກຫົນທຸກແຫ່ງ. ບາງ	ຄັ້ງແມ່ນແຕ່ຄຣິສຕະຈັກ	ບາງຄັ້ງ	ບາງຄັ້ງ (sometimes) is split, stranding ບາງ at the line end and letting the next line open with ຄັ້ງແມ່ນແຕ່, which reads awkwardly as 'time, even...'.	ok	LW
GC21	{GC389.2}	295	low	ຄຣິສຕະຈັກໃນສະຫະລັດ	ອາເມຣິກາ ເຊິ່ງເປັນ	ສະຫະລັດອາເມຣິກາ	The country name ສະຫະລັດອາເມຣິກາ (United States of America) wraps mid-name, splitting a proper noun across the break.	ok	LW
GC21	{GC389.3}	295	medium	ໃຊ້ຄວາມຊົ່ວຮ້າຍທຸກ	ຢ່າງຫຼອກລວງ	ທຸກຢ່າງ	ທຸກຢ່າງ (every kind) is split so the next line opens ຢ່າງຫຼອກລວງ, which misparses as the adverb 'deceptively' instead of 'every kind of evil + deceive'.	ok	LW
GC21	{GC389.3}	295	medium	ໃນປະເທດທີ່ຄົນສ່ວນ	ໃຫຍ່ເປັນຄຣິສຕຽນ	ສ່ວນໃຫຍ່	ສ່ວນໃຫຍ່ (majority) is split, leaving bare ໃຫຍ່ (big) opening the next line, breaking the single word.	ok	LW
GC22	{GC393.2}	298	low	ຂອງຄົນທີ່ລໍ	ຄອຍການສະເດັດມາ	ລໍຄອຍ	The compound verb ລໍຄອຍ (to await) is split into its two syllables across the break; each half is a word, making the split awkward though recoverable.	ok	LW
GC22	{GC393.4}	299	medium	ເປັນດັ່ງໂຄມ	ໄຟທີ່ສ່ອງສະຫວ່າງ	ໂຄມໄຟ	ໂຄມໄຟ (lamp) is split so the next line opens ໄຟທີ່ສ່ອງສະຫວ່າງ, which misreads as 'fire that shines' with ໂຄມ (lamp) stranded on the previous line.	ok	LW
GC22	{GC398.2}	302	medium	ຈະໄດ້ເຫັນໃນບໍ່	ຊ້າ. ຄວາມເຊື່ອດຽວກັນ	ໃນບໍ່ຊ້າ	The fixed phrase ໃນບໍ່ຊ້າ (soon) is split between the negative ບໍ່ and ຊ້າ, leaving the line end reading 'see in not' and the next line opening with the bare word 'slow'.	ok	LW
GC22	{GC398.4}	302	medium	ກ່ອນ ຄ.ສ., ບໍ່	ແມ່ນໃນຕົ້ນປີ	ບໍ່ແມ່ນ	The negation ບໍ່ແມ່ນ (is not) is split so the next line opens ແມ່ນໃນຕົ້ນປີ, which momentarily reads as the affirmative 'it was at the start of the year' — a polarity-flipping misparse.	ok	LW
GC22	{GC398.4}	302	medium	ສິ້ນສຸດລົງໃນລະດູໃບໄມ້	ຫຼົ່ນຂອງປີ 1844	ລະດູໃບໄມ້ຫຼົ່ນ	The season name ລະດູໃບໄມ້ຫຼົ່ນ (autumn) is split before its final syllable, leaving bare ຫຼົ່ນ (fall/drop) opening the next line.	ok	LW
GC22	{GC399.2}	302	medium	ເປັນຜົນແລກ ຕໍ່	ໄປແມ່ນພວກທີ່ເປັນ	ຕໍ່ໄປ	ຕໍ່ໄປ (next/afterward) is split so the line ends on stranded ຕໍ່ and the next line opens ໄປແມ່ນ, a garbled sequence until the reader rejoins the word.	ok	LW
GC22	{GC399.4}	303	low	ເກີດຂຶ້ນໃນວັນ	ທີ 10 ເດືອນທີ 7	ວັນທີ 10	The date expression ວັນທີ 10 is split between ວັນ and ທີ, separating the date word from its ordinal and number.	ok	LW
GC22	{GC399.4}	303	low	ໃນປີ 1844, ວັນ	ທີ 10 ຂອງເດືອນທີ 7	ວັນທີ 10	The date expression ວັນທີ 10 is again split between ວັນ and ທີ across the break, detaching the ordinal from the date word.	ok	LW
GC22	{GC402.1}	304	medium	ທູດສະຫວັນອົງທີ	ສອງ, ເຮັດໃຫ້ການປະກາດ	ອົງທີສອງ	The ordinal ທີສອງ (second) is split between its marker ທີ and the numeral ສອງ, breaking the fixed unit 'the second angel'.	ok	LW
GC23	{GC409.1}	311	medium	ການສະເດັດມາຄັ້ງທີ	ສອງຂອງພຣະຄຣິສ	ຄັ້ງທີສອງ	The ordinal ທີສອງ in 'second coming' is split between ທີ and ສອງ, breaking a fixed number unit.	ok	LW
GC23	{GC410.1}	312	medium	ໃນລະດູໃບໄມ້	ປົ່ງປີ ຄ.ສ. 31	ລະດູໃບໄມ້ປົ່ງ	The season name ລະດູໃບໄມ້ປົ່ງ (spring) is split so the line ends on ໃບໄມ້ (leaves) and ປົ່ງ opens the next line, like the ເດືອນມີນາ failure.	ok	LW
GC22	{GC404.2}	306	medium	ອຸບມຸງ. ຄວາມຄາດ	ຫວັງຂອງພວກເຂົາ	ຄວາມຄາດຫວັງ	The compound ຄາດຫວັງ (expectation) is split between ຄາດ and ຫວັງ, so ຫວັງ opens the line as a bare verb 'hope' and the noun misparses.	ok	LW
GC22	{GC405.2}	306	medium	ແຕ່ຍັງບອກເຖິງອີກຂ່າວ	ສານໜຶ່ງ ທີ່ຕ້ອງປະກາດ	ຂ່າວສານ	The compound ຂ່າວສານ (message) is split so the next line opens with ສານ, which reads alone as 'court/document' and misparses ສານໜຶ່ງ.	ok	LW
GC22	{GC408.1}	309	low	ກໍຈະເປັນການຫຼົບ	ຖອຍຫຼັງກັບໄປສູ່ຄວາມຈິບຫາຍ	ຫຼົບຖອຍຫຼັງ	The compound ຫຼົບຖອຍ (draw back) is split so the line ends on ການຫຼົບ, which reads as 'hiding' before ຖອຍຫຼັງ appears.	ok	LW
GC22	{GC401.2}	304	low	ຮັກການພາວັນນາ	ອະທິຖານ; ພວກເຂົາ	ພາວັນນາອະທິຖານ	The doublet compound ພາວັນນາອະທິຖານ (prayer and supplication) is split between its two halves, an awkward break in a unit read as one term.	ok	LW
GC22	{GC404.2}	306	low	ຍິນດີຢ່າງເຫຼືອ	ລົ້ນວ່າ: “ໂຮຊັນນາ	ເຫຼືອລົ້ນ	The compound ເຫຼືອລົ້ນ (overflowing) is split so ຢ່າງເຫຼືອ ends the line incompletely and ລົ້ນ opens the next.	ok	LW
GC22	{GC406.1}	307	low	ພຣະຄຳຂອງພຣະເຈົ້າຢ່າງສຸດ	ໃຈຫຼືບໍ່.”	ສຸດໃຈ	The compound ສຸດໃຈ (wholeheartedly) is split so the line ends on ຢ່າງສຸດ and ໃຈ opens the next line as a stray 'heart'.	ok	LW
GC22	{GC405.3}	307	low	ຄວາມນອບນ້ອມຖ່ອມ	ຕົນ, ການສຳຫຼວດຈິດໃຈ	ນອບນ້ອມຖ່ອມຕົນ	The compound ຖ່ອມຕົນ (humble oneself) inside ນອບນ້ອມຖ່ອມຕົນ is split, leaving ຕົນ stranded at the line start before a comma.	ok	LW
GC23	{GC411.1}	312	low	ຢູ່ໃນຫີບນັ້ນມີຂັນ	ຄຳໃສ່ມານາໄວ້	ຂັນຄຳ	The compound ຂັນຄຳ (golden bowl) is split so the next line opens with ຄຳ, momentarily readable as 'word' in ຄຳໃສ່ມານາ.	ok	LW
GC23	{GC414.2}	314	low	ຮຸ່ງເຮືອງເຫຼືອງ	ເຫຼື້ອມ; ພວກເຂົາ	ເຫຼືອງເຫຼື້ອມ	The expressive pair ເຫຼືອງເຫຼື້ອມ (gleaming) is split so the line ends on ເຫຼືອງ, which reads alone as 'yellow'.	ok	LW
GC25	{GC435.2}	332	medium	ໃນພຣະນິມິດບົດທີ 14. ຂ່າວ	ສານໃນບົດນີ້ປະກອບດ້ວຍຄຳເຕືອນສາມຢ່າງ	ຂ່າວສານ	ຂ່າວສານ (message) splits into ຂ່າວ / ສານ; the next line opens with ສານ, which reads as a standalone word (court/document) before the compound is recovered.	ok	LW
GC23	{GC420.2}	319	medium	ອາຈານໂປໂລກ່າວວ່າ: “ພຣະຄຣິສ	ເຈົ້າບໍ່ໄດ້ເຂົ້າສູ່ສະຖານນະມັດສະການ	ພຣະຄຣິສເຈົ້າ	The divine title ພຣະຄຣິສເຈົ້າ breaks after ພຣະຄຣິສ, so the next line opens with ເຈົ້າ, which momentarily reads as the pronoun "you" starting the quotation.	ok	LW
GC23	{GC420.1}	319	medium	ເພິ່ນວາງມືລົງເທິງຫົວຂອງແບ້ຮັບ	ບາບ, ສາລະພາບຄວາມບາບທັງໝົດນັ້ນ	ແບ້ຮັບບາບ	The set term ແບ້ຮັບບາບ (scapegoat) breaks between ຮັບ and ບາບ, leaving the incomplete "ແບ້ຮັບ" at line end and ບາບ opening the next line as if a new word.	ok	LW
GC24	{GC425.1}	324	medium	ເພາະວ່າເພິ່ນເປັນເໝືອນໄຟຖະຫຼຸງ1	ແຮ່ ແລະ ເປັນເໝືອນສະບູຂອງຊ່າງຊັກເຄື່ອງ	ໄຟຖະຫຼຸງແຮ່	The compound ຖະຫຼຸງແຮ່ (refine ore) is split after the footnote marker, stranding ແຮ່ at the start of the next line where it reads as a detached word.	notfound	None
GC24	{GC429.1}	328	medium	ຈຶ່ງສູນເສຍພາລະ	ໃຈໃນການຊ່ວຍໃຫ້ຄົນບາບໄດ້ຮັບຄວາມລອດ	ພາລະໃຈ	The compound ພາລະໃຈ (heart-burden) splits into ພາລະ / ໃຈ, so the next line opens with ໃຈໃນການຊ່ວຍ, which misreads as a new phrase about the heart.	ok	LW
GC24	{GC430.3}	328	medium	ຕໍ່ພຣະພັກພຣະເຈົ້າຢ່າງສຸດຈິດສຸດ	ໃຈ ເພື່ອພວກເຂົາຈະໄດ້ຮັບການອະໄພບາບ	ສຸດຈິດສຸດໃຈ	The fixed four-syllable expression ສຸດຈິດສຸດໃຈ breaks before its final syllable, leaving the incomplete "ສຸດຈິດສຸດ" at line end.	ok	LW
GC24	{GC431.3}	329	medium	ຂ່າວສານຂອງທູດສະຫວັນອົງທີ	ໜຶ່ງ ແລະ ອົງທີສອງຢ່າງຈະແຈ້ງຂຶ້ນ	ອົງທີໜຶ່ງ	The ordinal ທີໜຶ່ງ (first) splits between ທີ and ໜຶ່ງ, stranding the ordinal marker at line end and the bare numeral at line start.	ok	LW
GC23	{GC419.3}	318	low	ຕະຫຼອດມື້ນັ້ນ ໃນການຖ່ອມ	ໃຈລົງຕໍ່ພຣະພັກພຣະເຈົ້າ	ຖ່ອມໃຈ	The compound ຖ່ອມໃຈ (humble oneself) splits into ຖ່ອມ / ໃຈ, so the next line opens with ໃຈລົງ, an awkward fragment.	ok	LW
GC23	{GC420.3}	319	low	ແລະ ຊົງນຳເອົາຄຳ	ອະທິຖານຂອງຜູ້ເຊື່ອທີ່ສຳນຶກຜິດ	ຄຳອະທິຖານ	ຄຳອະທິຖານ (prayer) splits after ຄຳ, which at line end momentarily reads as "gold" (ນຳເອົາຄຳ = brought gold) before ອະທິຖານ resolves it.	ok	LW
GC24	{GC424.3}	324	low	ໂດຍຜູ້ເຜີຍພຣະທຳມາລາກີເຊັ່ນ	ກັນ ໂດຍເພິ່ນກ່າວວ່າ	ເຊັ່ນກັນ	The fixed word ເຊັ່ນກັນ (likewise) splits into ເຊັ່ນ / ກັນ, leaving the bare particle ກັນ opening the next line.	ok	LW
GC24	{GC426.1}	325	low	ໃນພຣະທຳມັດທາຍ ບົດ	ທີ 25 ທີ່ກ່າວເຖິງການມາຂອງເຈົ້າບ່າວ	ບົດທີ 25	The chapter reference ບົດທີ 25 splits between ບົດ and ທີ, separating the ordinal marker and number from the noun they belong to.	ok	LW
GC25	{GC439.3}	336	medium	ເຫັນບັນດາມະຫາ	ອານາຈັກທີ່ປົກຄອງໂລກ	ມະຫາອານາຈັກ	The bound prefix ມະຫາ is cut from ອານາຈັກ, leaving the line ending on ບັນດາມະຫາ, which cannot stand alone and breaks the word 'great empires'.	ok	LW
GC25	{GC440.2}	336	medium	ໄດ້ນຳໃຊ້ແນວ	ຄິດ ແລະ ເກືອບຈະແມ່ນ	ແນວຄິດ	The compound ແນວຄິດ (idea) wraps as ແນວ / ຄິດ, so the reader parses ແນວ (kind/sort) then ຄິດ (to think) as separate words.	ok	LW
GC25	{GC440.2}	336	medium	ອຳນາດ ແລະ ຄວາມພາກພູມ	ໃຈຂຶ້ນທຸກມື້ທຸກວັນ	ຄວາມພາກພູມໃຈ	The word ພາກພູມໃຈ (pride) is broken inside itself, stranding ໃຈ at the next line start and leaving ຄວາມພາກພູມ incomplete.	ok	LW
GC25	{GC441.2}	337	medium	ມັນເປັນໂຕ	ແທນຂອງການໃຊ້ສິດອຳນາດ	ໂຕແທນ	ໂຕແທນ (representative/agent) wraps as ໂຕ / ແທນ, so the line reads 'it is a body/one' and the next opens with ແທນ (instead), misparsing the compound.	ok	LW
GC25	{GC446.3}	340	medium	ພຣະບັນຍັດຂໍ້ທີ	ສີ່ ເພາະມັນເປັນ	ຂໍ້ທີສີ່	The ordinal ທີສີ່ (fourth) is split between its marker ທີ and the numeral ສີ່, leaving the line ending on the incomplete ຂໍ້ທີ.	ok	LW
GC25	?	342	medium	ວົງລ່ຽມຢູ່ໃນຕົ້ນ	ສະບັບ	ຕົ້ນສະບັບ	In the footnote, ຕົ້ນສະບັບ (the original) wraps as ຕົ້ນ / ສະບັບ, so the line ends on ຕົ້ນ, which reads as 'tree/beginning'.	ok	LW
GC26	{GC451.2}	345	medium	ຫຼັງຈາກການຄືນ	ພຣະຊົນ ແລະ ການສະເດັດ	ຄືນພຣະຊົນ	The fixed term ຄືນພຣະຊົນ (resurrection) is split after ຄືນ, so the line ends reading 'after the return' with ພຣະຊົນ stranded on the next line.	ok	LW
GC26	{GC454.3}	347	medium	ເມື່ອດາວ	ຮຸ່ງຮ້ອງເພງນຳກັນ	ດາວຮຸ່ງ	ດາວຮຸ່ງ (morning star) wraps as ດາວ / ຮຸ່ງ, so the next line opens with ຮຸ່ງຮ້ອງເພງ, reading 'dawn sang' instead of the compound.	ok	LW
GC25	{GC438.2}	335	low	ນັບຖືລັດທິນອກ	ສາສະໜາ	ນອກສາສະໜາ	The compound ນອກສາສະໜາ (pagan) inside ລັດທິນອກສາສະໜາ is split after ນອກ, leaving the line ending on 'ລັດທິນອກ' which misparses as 'outside cult'.	ok	LW
GC25	{GC439.2}	335	low	ສອງວາລະ ກັບເຄິ່ງ	ວາລະ	ເຄິ່ງວາລະ	In the quoted time prophecy, the quantity ເຄິ່ງວາລະ (half a time) is split between the number ເຄິ່ງ and its unit ວາລະ.	ok	LW
GC25	{GC440.2}	336	low	ການເກີດຂຶ້ນຂອງສະຫະລັດ	ອາເມຣິກາ	ສະຫະລັດອາເມຣິກາ	The country name ສະຫະລັດອາເມຣິກາ (United States of America) is split across the line break.	ok	LW
GC25	{GC441.1}	336	low	ປະເທດສະຫະລັດ	ອາເມຣິກາ	ສະຫະລັດອາເມຣິກາ	The country name ສະຫະລັດອາເມຣິກາ is again split across the line break within a proper name.	ok	LW
GC25	{GC448.1}	341	low	ການຖືຮັກສາວັນ	ອາທິດສະແດງວ່າ	ວັນອາທິດ	The day name ວັນອາທິດ (Sunday) is split so the next line opens with ອາທິດ, which alone reads as 'week'.	ok	LW
GC25	{GC448.3}	342	low	ບັງຄັບໃຫ້ຖືຮັກສາວັນ	ອາທິດ ກໍເທົ່າກັບ	ວັນອາທິດ	The day name ວັນອາທິດ (Sunday) is split, stranding ອາທິດ ('week') at the line start.	ok	LW
GC26	{GC453.1}	346	low	ຊົງນຳຊາວ	ອິດສະຣາເອນອອກມາ	ຊາວອິດສະຣາເອນ	ຊາວອິດສະຣາເອນ (the Israelites) is split after ຊາວ, so the line momentarily reads 'led twenty' before the name resumes.	ok	LW
GC26	{GC453.2}	347	low	ຢ່າງບໍ່ຂາດ	ສາຍວ່າ	ບໍ່ຂາດສາຍ	The set phrase ບໍ່ຂາດສາຍ (unceasingly) is split so the next line opens with ສາຍວ່າ, which can misparse as 'late that'.	ok	LW
GC26	{GC456.2}	349	low	ຄຳເຕືອນຂອງອາຈານ	ໂປໂລເຖິງຄຣິສຕຽນ	ອາຈານໂປໂລ	The title-plus-name unit ອາຈານໂປໂລ is split between the title and the name, leaving ອາຈານ dangling at line end.	ok	LW
GC26	{GC458.1}	350	medium	ໄປສູ່ແຜ່ນດິນການາອານໂດຍ	ກົງ ແລະ ສ້າງຕັ້ງ	ໂດຍກົງ	The adverb ໂດຍກົງ (directly) splits so ໂດຍ reads as the preposition 'by' and ກົງ opens the next line as 'straight', breaking the single word.	ok	LW
GC27	{GC462.2}	354	medium	ນຳພວກເຈົ້າໄປສູ່ການກັບໃຈໃໝ່.” “ຄວາມທຸກ	ໃຈໃນທາງຂອງພຣະເຈົ້ານັ້ນ	ຄວາມທຸກໃຈ	The scripture term ຄວາມທຸກໃຈ (godly sorrow) splits after ຄວາມທຸກ, which reads as the complete word 'suffering' while ໃຈ opens the next line as a stray 'heart'.	ok	LW
GC27	{GC462.2}	354	medium	ຄວາມກະຕືລືລົ້ນທີ່ຈະແກ້	ຕົວ, ຄວາມຄຽດ	ແກ້ຕົວ	The compound verb ແກ້ຕົວ (clear oneself) splits so ແກ້ reads as complete 'fix' and the next line opens with the stranded ຕົວ before a comma.	ok	LW
GC27	{GC463.2}	354	medium	ທີ່ກ່ຽວຂ້ອງໂດຍ	ກົງກັບຊີວິດນິຣັນ	ໂດຍກົງ	ໂດຍກົງ (directly) is again split between its two syllables, with ກົງກັບ opening the line as if 'straight with'.	ok	LW
GC27	{GC463.3}	355	medium	ຫຼູຫຼາ ແລະ ການແຕ່ງ	ກາຍຢ່າງອວດອົ່ງ	ການແຕ່ງກາຍ	ການແຕ່ງກາຍ (dressing) splits so ການແຕ່ງ reads as complete 'decorating' (echoing the preceding ການປະດັບປະດາ) and ກາຍ opens the line as 'become/body'.	ok	LW
GC27	{GC465.3}	356	medium	ຫຼັກການອັນສູງສົ່ງ. ແນວ	ຄິດທາງສາສະໜາສາດ	ແນວຄິດ	The dictionary word ແນວຄິດ (concept) splits into ແນວ (kind/way) and ຄິດ (think), each reading as an independent word across the break.	ok	LW
GC27	{GC466.2}	356	medium	ຂອງພຣະເຈົ້າໃນແງ່	ມຸມນັ້ນ. ກະສັດດາວິດ	ແງ່ມຸມ	The compound ແງ່ມຸມ (aspect) splits into ແງ່ (angle) and ມຸມ (corner), both standalone words, breaking the single unit.	ok	LW
GC27	{GC470.1}	359	medium	ດຳເນີນໄປເທື່ອລະ	ກ້າວ. ເມື່ອຄົນບາບ	ເທື່ອລະກ້າວ	The distributive ເທື່ອລະກ້າວ (step by step) splits before its classifier, leaving the incomplete ເທື່ອລະ dangling at line end.	ok	LW
GC27	{GC470.1}	359	low	ແລະເພີ່ມການບັງຄັບ	ຕົນເຂົ້າກັບຄວາມຮູ້	ການບັງຄັບຕົນ	The virtue term ການບັງຄັບຕົນ (self-control, 2 Peter 1 list) splits so ການບັງຄັບ reads as bare 'coercion' and ຕົນ is stranded at line start.	ok	LW
GC27	{GC472.1}	361	medium	ຫັນໜີຈາກຄວາມໄຮ້	ສາລະຂອງທາງໂລກ	ໄຮ້ສາລະ	ໄຮ້ສາລະ (meaningless) splits after the bound element ໄຮ້, leaving the incomplete ຄວາມໄຮ້ at line end and ສາລະ opening the next line as 'substance'.	ok	LW
GC27	{GC474.2}	362	medium	ແລະ ຫາຄວາມມ່ວນ	ຊື່ນ; ສາເຫດທີ່ເຮັດຢ່າງນີ້	ມ່ວນຊື່ນ	The fixed compound ມ່ວນຊື່ນ (pleasure) is cut between its halves, leaving ຊື່ນ stranded at the line start.	ok	LW
GC27	{GC475.3}	364	medium	ຂອງໂລກ; ທຸກບາດ	ກ້າວແຫ່ງຄວາມເຊື່ອ	ບາດກ້າວ	The compound ບາດກ້າວ (step) is split so the line ends on ບາດ, which alone reads as wound/baht before the eye reaches ກ້າວ.	ok	LW
GC27	{GC478.3}	365	medium	ຫົນທາງອັນດີ	ເລີດນັ້ນວ່າຢູ່ໃສ	ດີເລີດ	The compound ດີເລີດ (excellent) breaks after ດີ, so the line reads as complete (the good way) and ເລີດ then dangles at the next line start.	ok	LW
GC28	{GC479.2}	367	low	ອຸປະນິໄສ ແລະ ວິຖີ	ຊີວິດຂອງມະນຸດ	ວິຖີຊີວິດ	The lexicalized compound ວິຖີຊີວິດ (way of life) is split, though each half still reads naturally in sequence.	ok	LW
GC28	{GC479.2}	367	medium	ດຳລົງຢູ່ສືບໄປເປັນ	ນິດ.” (ເພງສັນລະເສີນ 90:2)	ເປັນນິດ	The fixed phrase ເປັນນິດ (forever) is cut so the next line opens with bare ນິດ, which alone reads as a little.	ok	LW
GC28	{GC481.1}	368	low	(ມາລາກີ 3:16 ສະບັບລາວ	ບູຮານ)	ສະບັບລາວບູຮານ	The version label ສະບັບລາວບູຮານ (Old Lao Version) wraps between ລາວ and ບູຮານ inside the citation.	ok	LW
GC28	{GC482.1}	369	medium	ບາບທີ່ເຊື່ອງ	ຊ່ອນໄວ້ ແລະ ການປອມແປງ	ເຊື່ອງຊ່ອນ	The compound verb ເຊື່ອງຊ່ອນ (conceal) is cut between its two halves across the break.	ok	LW
GC28	{GC482.4}	369	medium	ແບບຈຳລອງມາຈາກຂອງ	ແທ້, ພຣະອົງເຂົ້າສູ່ສະຫວັນ	ຂອງແທ້	The noun ຂອງແທ້ (the real thing) is cut so ຂອງ reads as a dangling possessive and line-initial ແທ້ reads as truly.	ok	LW
GC28	{GC485.3}	371	medium	ເອົາບາບອອກຈາກສະຖານ	ນະມັດສະການ ແລະ ວາງມັນ	ສະຖານນະມັດສະການ	The single term ສະຖານນະມັດສະການ (sanctuary) is split into ສະຖານ (place) and ນະມັດສະການ (worship) across the break.	ok	LW
GC28	{GC486.3}	372	medium	ການກະທຳ, ຄຳ	ເວົ້າຈາ, ແມ່ນແຕ່ຄວາມຕັ້ງໃຈ	ຄຳເວົ້າຈາ	The noun ຄຳເວົ້າ(ຈາ) (words/speech) is cut after ຄຳ, leaving a dangling ຄຳ at the line end and ເວົ້າຈາ opening the next line as a verb.	ok	LW
GC28	{GC487.2}	372	medium	ພຣະຄຣິສພຽງແຕ່ປາກ	ເປົ່າ ບໍ່ມີຄຸນຄ່າຫຍັງ	ປາກເປົ່າ	The idiom ປາກເປົ່າ (empty talk) is split so the line ends on ພຽງແຕ່ປາກ (only mouth) and ເປົ່າ (empty/bare) opens the next line.	ok	LW
GC28	{GC491.1}	375	medium	ໄດ້ຖືກປະກາດແລ້ວໃນສະຖານ	ນະມັດສະການເທິງສະຫວັນ	ສະຖານນະມັດສະການ	The single term ສະຖານນະມັດສະການ (sanctuary) is again split into ສະຖານ and ນະມັດສະການ across the break.	ok	LW
GC28	{GC491.2}	375	medium	ເມື່ອຍລ້າໃນການເຝົ້າ	ຄອຍ ແລ້ວປ່ອຍໃຈ	ເຝົ້າຄອຍ	The compound verb ເຝົ້າຄອຍ (watch and wait) is cut between its halves, leaving ຄອຍ stranded at the line start.	ok	LW
GC29	{GC497.2}	381	medium	ທີ່ຢູ່ພາຍໃຕ້ການບັງຄັບ	ບັນຊາຂອງຕົນ	ບັງຄັບບັນຊາ	The compound ບັງຄັບບັນຊາ (command authority) is split so the line ends on the complete word ການບັງຄັບ (coercion) and the next opens with ບັນຊາ (orders), inviting a two-word misparse.	ok	LW
GC29	{GC498.3}	381	medium	ຖືກທຳລາຍຢ່າງສິ້ນເຊີງ ແລະ ແນວ	ຄິດການກະບົດກໍຄົງບໍ່ໄດ້ຖືກກຳຈັດ	ແນວຄິດ	The compound ແນວຄິດ (idea/mindset) is split so the next line opens with ຄິດການກະບົດ, which reads as the verb phrase 'think the rebellion' instead of 'the idea of rebellion'.	ok	LW
GC30	{GC507.2}	388	medium	ຂອງພຣະອົງຢ່າງນັ້ນ. ແນວ	ຄິດທີ່ນຳໄປສູ່ການປະຫານອົງພຣະຄຣິສ	ແນວຄິດ	ແນວຄິດ is split at a sentence start, so the new line begins ຄິດທີ່ນຳໄປສູ່... which reads as the bare verb 'think that leads to...' rather than 'the mindset that led to...'.	ok	LW
GC29	{GC494.2}	379	low	ຄວາມຍິ່ງໃຫຍ່, ພຣະຄຸນ	ຄວາມດີ ແລະ ຄວາມຍຸຕິທຳ	ພຣະຄຸນຄວາມດີ	The compound ພຣະຄຸນຄວາມດີ (gracious goodness) is split into ພຣະຄຸນ and ຄວາມດີ, which in this comma-separated list reads as two separate list items instead of one quality.	ok	LW
GC29	{GC497.2}	381	low	ຂອງພຣະອົງ ແລະ ຄວາມຢູ່	ເຢັນເປັນສຸກໃຫ້ກັບຊາວສະຫວັນ	ຄວາມຢູ່ເຢັນເປັນສຸກ	The fixed idiom ຢູ່ເຢັນເປັນສຸກ (well-being) is broken internally after ຢູ່, leaving ຄວາມຢູ່ at line end reading as 'existence' and ເຢັນເປັນສຸກ stranded on the next line.	ok	LW
GC29	{GC503.2}	384	low	ກະບົດຕໍ່ເຮົາ ແລະ ລັກ	ພາໄພ່ພົນຈາກອານາຈັກຂອງເຮົາ	ລັກພາ	The compound verb ລັກພາ (abduct) is split so the line ends on ລັກ (steal) and the next opens with ພາ (lead), weakening the single verb into two readings.	ok	LW
GC30	{GC507.2}	388	low	(ປະຖົມມະການ 3:15 ສະບັບລາວ	ບູຮານ). ສິ່ງເຫຼົ່ານີ້	ສະບັບລາວບູຮານ	The Bible version name ສະບັບລາວບູຮານ (Old Lao Version) is split inside the name within a scripture reference, leaving ບູຮານ orphaned at the next line start.	ok	LW
GC30	{GC508.2}	389	low	ຫຼໍ່ລ້ຽງຄວາມບາບ ແລະ ແກ້	ຕົວໃຫ້ກັບມັນ	ແກ້ຕົວ	The lexicalized verb ແກ້ຕົວ (make excuses) is split so the line ends on ແກ້ (fix/untie) and the next opens with ຕົວ (self/body), each a common standalone word.	ok	LW
GC30	{GC509.3}	390	low	ຜູ້ໃຫ້ປັນຍາ ແລະ ເຫື່ອແຮງ	ກຳລັງ, ແລ້ວດຳເນີນຊີວິດ	ເຫື່ອແຮງກຳລັງ	The compound ເຫື່ອແຮງກຳລັງ (strength) is split so the next line opens with ກຳລັງ, which readers first parse as the progressive marker 'is ...-ing'.	ok	LW
GC31	{GC511.3}	394	medium	ຢ່າງອັບອາຍຂາຍ	ໜ້າ.”	ອັບອາຍຂາຍໜ້າ	The compound ຂາຍໜ້າ (lose face) is split so the line ends on ຂາຍ (sell) and the next begins with bare ໜ້າ (face), breaking the fixed phrase ອັບອາຍຂາຍໜ້າ mid-word.	ok	LW
GC31	{GC512.2}	394	medium	ທູດສະຫວັນປະຈຳ	ຕົວເຫຼົ່ານີ້	ປະຈຳຕົວ	The compound ປະຈຳຕົວ (personal/guardian) splits so the next line opens with ຕົວເຫຼົ່ານີ້, which the eye can parse as a separate classifier phrase 'these ones' instead of 'these guardian angels'.	ok	LW
GC31	{GC513.1}	394	medium	ປະເຊີນກັບກອງ	ກຳລັງຊົ່ວ	ກອງກຳລັງ	The compound ກອງກຳລັງ (forces) splits so the next line begins with ກຳລັງ, which reads as the aspect marker 'in the process of', momentarily derailing the sentence.	ok	LW
GC31	{GC514.1}	395	low	ບໍ່ໄດ້ພຽງແຕ່ເຈັບ	ປ່ວຍຍ້ອນພະຍາດ	ເຈັບປ່ວຍ	The common compound ເຈັບປ່ວຍ (be ill) is split between its two halves; each half is a word so it remains readable but the unit breaks awkwardly.	ok	LW
GC31	{GC515.2}	396	low	ຊົງກ່າວກັບຜີ	ຮ້າຍເໝືອນວ່າ	ຜີຮ້າຍ	The tight compound ຜີຮ້າຍ (demon) splits so the next line opens with ຮ້າຍເໝືອນວ່າ, momentarily readable as 'fierce as if' before the reader recovers the compound.	ok	LW
GC32	{GC518.1}	399	medium	ເກືອບຫົກພັນ	ປີນັ້ນ	ຫົກພັນປີ	The number ຫົກພັນ (six thousand) is separated from its unit ປີ (years) at the break, splitting a number-plus-unit measure that should stay together.	ok	LW
GC32	{GC522.3}	402	medium	ຂອງພຣະຄຳພີ	ເດີມ ແລະ ພຣະຄຳພີໃໝ່	ພຣະຄຳພີເດີມ	The book name ພຣະຄຳພີເດີມ (Old Testament) splits so the line ends on a complete-looking 'the Bible' and the next line opens with stranded ເດີມ (former), misreading until ພຣະຄຳພີໃໝ່ arrives.	ok	LW
GC32	{GC522.4}	402	low	ນ້ອຍນິດເຫຼືອ	ເກີນ ແລະ	ເຫຼືອເກີນ	The fixed intensifier ເຫຼືອເກີນ (exceedingly) splits so the line ends on ເຫຼືອ, which reads as 'left over' before the reader joins it with ເກີນ.	ok	LW
GC32	{GC525.2}	404	medium	ຈັກກະວານຖືກຂັບ	ເຄື່ອນໂດຍກົດທຳມະຊາດ	ຂັບເຄື່ອນ	The single verb ຂັບເຄື່ອນ (drive/propel) splits so the line ends on ຂັບ, which alone reads as 'expel/drive out' ('the universe was expelled') before ເຄື່ອນ corrects it.	ok	LW
GC32	{GC525.2}	404	medium	ໄດ້. ແນວ	ຄິດດັ່ງກ່າວ	ແນວຄິດ	The single word ແນວຄິດ (idea/notion) splits so ແນວ (kind/sort) dangles at line end and the next line opens with ຄິດ (think), each half a different word.	ok	LW
GC32	{GC526.1}	404	low	ພາກັນຈັບ	ຜິດ ແລະ ວິພາກວິຈານ	ຈັບຜິດ	The compound ຈັບຜິດ (find fault) splits into ຈັບ (catch) and ຜິດ (wrong), an awkward mid-compound wrap though the sense is recoverable.	ok	LW
GC32	{GC526.1}	404	low	ແຕ່ເບື້ອງ	ຫຼັງທ່າທາງ	ເບື້ອງຫຼັງ	The fixed compound ເບື້ອງຫຼັງ (behind/underneath) splits so ເບື້ອງ dangles at line end and ຫຼັງ opens the next line, readable as 'back/after' on its own.	ok	LW
GC32	{GC527.3}	405	medium	ຈະເຕີບ	ໃຫຍ່ຂຶ້ນ	ເຕີບໃຫຍ່	The verb ເຕີບໃຫຍ່ (grow up) splits leaving the bound morpheme ເຕີບ stranded at line end - it is not a standalone word - while ໃຫຍ່ຂຶ້ນ opens the next line as 'get bigger'.	ok	LW
GC32	{GC529.1}	406	low	ນອບນ້ອມຖ່ອມ	ໃຈ, ສາລະພາບ	ຖ່ອມໃຈ	The compound ຖ່ອມໃຈ (humble-hearted) splits so bare ໃຈ (heart) opens the next line, detached from the ນອບນ້ອມຖ່ອມໃຈ phrase it completes.	ok	LW
GC32	{GC529.3}	407	medium	ຕາບໃດທີ່ພວກເຂົາຍັງເຊື່ອ	ຟັງພຣະບັນຍັດຂອງພຣະອົງ	ເຊື່ອຟັງ	The compound ເຊື່ອຟັງ (obey) is split so the line ends on ເຊື່ອ (believe) and the next begins ຟັງ (listen), reading as two separate verbs.	ok	LW
GC32	{GC530.2}	407	medium	ຊາຕານຊຳນານໃນການອ້າງພຣະຄຳພີ; ມັນຕີ	ຄວາມໝາຍຂໍ້ພຣະຄຳ	ຕີຄວາມໝາຍ	ຕີຄວາມໝາຍ (interpret) is split after ຕີ, so the line ends on ມັນຕີ which reads as 'it strikes'.	ok	LW
GC33	{GC532.2}	410	medium	ໄດ້ລິ້ມລົດອັນຂົມຂື່ນແຫ່ງການລ່ວງ	ລະເມີດ	ລ່ວງລະເມີດ	The compound ລ່ວງລະເມີດ (transgression) is split between its two halves, leaving ການລ່ວງ dangling at the line end.	ok	LW
GC33	{GC533.2}	410	medium	ຈະມີຊີວິດໂດຍຜ່ານການບໍ່ເຊື່ອ	ຟັງ	ເຊື່ອຟັງ	ບໍ່ເຊື່ອຟັງ (disobedience) is split so the line ends on ບໍ່ເຊື່ອ (not believe) and ຟັງ (listen) starts the next line as an apparent separate word.	ok	LW
GC33	{GC533.3}	411	medium	ແຕ່ມີເຄຣຸບ ແລະ ດາບ	ເພີງ	ດາບເພີງ	The compound ດາບເພີງ (flaming sword) is split, leaving ເພີງ (flame) alone at the line start detached from ດາບ (sword).	ok	LW
GC33	{GC534.1}	411	medium	ຄວາມໂກດຮ້າຍຂອງພຣະອົງຢູ່ຕະຫຼອດ	ການ	ຕະຫຼອດການ	The fixed expression ຕະຫຼອດການ (forever) is split so ການ stands alone at the line start and reads as the nominalizer 'the work/act'.	ok	LW
GC33	{GC534.2}	411	medium	ຢູ່ໃນແປວໄຟອັນຕະຫຼອດໄປເປັນ	ນິດ	ເປັນນິດ	The fixed phrase ຕະຫຼອດໄປເປັນນິດ is split before ນິດ, which alone at the line start reads as 'a little bit'.	ok	LW
GC33	{GC535.1}	412	low	ແຕ່ພັດຖືກຈົມລົງໄປໃນຄວາມທຸກ	ທໍລະມານເຊັ່ນນັ້ນ	ຄວາມທຸກທໍລະມານ	The compound ທຸກທໍລະມານ (torment) is split, so ຄວາມທຸກ (suffering) closes one line and ທໍລະມານ opens the next as an apparently separate noun.	ok	LW
GC33	{GC536.1}	412	medium	ຕາມຄຳສອນຂອງນັກ	ສາສະໜາສາດເຫຼົ່ານີ້	ນັກສາສະໜາສາດ	The occupational compound ນັກສາສະໜາສາດ (theologians) is split after the bound prefix ນັກ, which dangles meaninglessly at the line end.	ok	LW
GC33	{GC536.1}	412	medium	ເພີ່ມທະວີຂຶ້ນຢ່າງຕໍ່ເນື່ອງຕະຫຼອດຊົ່ວ	ນິຣັນ	ຊົ່ວນິຣັນ	ຕະຫຼອດຊົ່ວນິຣັນ is split after ຊົ່ວ, which at the line end reads as 'evil' rather than the duration word.	ok	LW
GC33	{GC536.2}	412	low	ເຮັດໃຫ້ຄົນນັບ	ພັນນັບລ້ານ	ນັບພັນນັບລ້ານ	The fixed quantifier ນັບພັນນັບລ້ານ (thousands upon millions) is split after ນັບ, leaving ຄົນນັບ reading as 'people count'.	ok	LW
GC33	{GC537.1}	413	medium	ພວກເຂົາຈຶ່ງບໍ່ເຫັນທາງ	ເລືອກອື່ນ	ທາງເລືອກ	The compound ທາງເລືອກ (option) is split so the line reads ບໍ່ເຫັນທາງ ('see no way') and the next begins ເລືອກ ('choose'), a plausible but wrong parse.	ok	LW
GC33	{GC537.1}	413	medium	ຫຼາຍຄົນຖືວ່າຄຳ	ເຕືອນໃນພຣະຄຳພີ	ຄຳເຕືອນ	ຄຳເຕືອນ (warning) is split after the bound prefix ຄຳ, leaving ຖືວ່າຄຳ dangling and ເຕືອນ reading as the bare verb 'warn'.	ok	LW
GC33	{GC541.3}	416	medium	ເພາະພວກເຂົາປະທັບ	ໃຈໃນພຣະລັກສະນະຂອງພຣະອົງ	ປະທັບໃຈ	ປະທັບໃຈ (impressed) is split so ປະທັບ at the line end reads as the royal verb 'to reside/be seated'.	ok	LW
GC33	{GC542.2}	417	medium	ຮູ້ສຶກທຸກທໍລະມານໃຈຫຼາຍ. ຣັດສະໝີ	ພາບຂອງພຣະເຈົ້າ	ຣັດສະໝີພາບ	The compound ຣັດສະໝີພາບ (radiant glory) is split, leaving ພາບ at the line start reading as 'image/picture' of God.	ok	LW
GC33	{GC544.1}	418	low	ໂມເຊປະກາດຕໍ່ຊາວ	ອິດສະຣາເອນວ່າ	ຊາວອິດສະຣາເອນ	The demonym ຊາວອິດສະຣາເອນ (Israelites) is split after ຊາວ, which dangling at the line end can momentarily read as the numeral 'twenty'.	ok	LW
GC33	{GC544.2}	418	low	ດ້ວຍຄວາມອັບປະຍົດ	ອົດສູ	ອັບປະຍົດອົດສູ	The fixed pair ອັບປະຍົດອົດສູ (utter disgrace) is split between its halves, leaving ອົດສູ isolated at the line start.	ok	LW
GC33	{GC545.1}	419	medium	ເພິ່ນໄດ້ຍິນສິ່ງມີ	ຊີວິດທັງໝົດໃນສະຫວັນ	ສິ່ງມີຊີວິດ	The lexicalized compound ສິ່ງມີຊີວິດ (living creatures) is split so the line ends on ໄດ້ຍິນສິ່ງມີ ('heard things have') and the next begins ຊີວິດ ('life').	ok	LW
GC33	{GC545.2}	419	low	ຄວາມເຊື່ອຜິດທີ່ວ່າ ທັນທີ	ທັນໃດທີ່ລົມຫາຍໃຈສຸດທ້າຍ	ທັນທີທັນໃດ	The fixed expression ທັນທີທັນໃດ (the very instant) is split between its two echoing halves.	ok	LW
GC33	{GC546.1}	419	medium	ຕໍ່ຊີວິດຂອງເພິ່ນອອກໄປອີກສິບຫ້າ	ປີ	ສິບຫ້າປີ	The number ສິບຫ້າ (fifteen) is separated from its unit ປີ (years), splitting a number-plus-unit that should stay together.	ok	LW
GC33	{GC546.1}	419	low	ສັນລະເສີນພຣະເຈົ້າໄດ້ໃນແດນ	ມໍຣະນາ	ແດນມໍຣະນາ	The compound ແດນມໍຣະນາ (realm of death, Sheol) is split, leaving the loanword ມໍຣະນາ isolated at the line start.	ok	LW
GC33	{GC547.2}	420	medium	ມີຄວາມພາກພຽນ ແລະ ເຊື່ອ	ຟັງ	ເຊື່ອຟັງ	ເຊື່ອຟັງ (obedient) is split so ເຊື່ອ (believe) ends the line and ຟັງ (listen) begins the next as an apparent separate word.	ok	LW
GC33	{GC547.3}	420	low	ໄດ້ຖືກບົດບັງ ແລະ ສູນ	ຫາຍໄປເກືອບໝົດສິ້ນ	ສູນຫາຍ	The compound ສູນຫາຍ (vanish) is split, leaving ສູນ ('zero/lost') dangling at the line end.	ok	LW
GC33	{GC548.1}	421	low	ຈະເປັນຂຶ້ນມາສູ່ຊີວິດອັນຕະຫຼອດໄປເປັນ	ນິດ. {GC 548.1}	ຕະຫຼອດໄປເປັນນິດ	The fixed phrase ຕະຫຼອດໄປເປັນນິດ is split after ເປັນ, leaving ນິດ alone at the line start where it reads as the unrelated word 'a little'.	notfound	None
GC33	{GC549.3}	422	low	ພາຍໃຕ້ດວງຕາເວັນອີກຕໍ່	ໄປ. (ເບິ່ງ ໂຢບ 14:21).	ອີກຕໍ່ໄປ	The unit ອີກຕໍ່ໄປ is split after ຕໍ່, stranding the single syllable ໄປ plus a period at the head of the next line.	ok	LW
GC34	{GC551.2}	423	medium	ເພື່ອໃຫ້ຄວາມສະຫວ່າງ ແລະ ສັ່ງສອນຄົນ	ເປັນ? ຖ້າວິນຍານຂອງຄົນຕາຍ	ຄົນເປັນ	ຄົນເປັນ (the living, contrasted with ຄົນຕາຍ) is split so the line ends on a complete-looking phrase 'teach people' and the next line opens with a stranded ເປັນ?.	ok	LW
GC34	{GC552.1}	423	medium	ທີ່ສອນໂດຍພວກຜີມານ	ຮ້າຍ” ໂດຍບໍ່ຮູ້ເຖິງອັນຕະລາຍ.	ຜີມານຮ້າຍ	The compound ຜີມານຮ້າຍ (demons) inside the quotation is split, so the line ends on a complete-looking ພວກຜີມານ and ຮ້າຍ” starts the next line as a detached word.	ok	LW
GC34	{GC553.2}	424	medium	ລົງມາສູ່ໂລກຕໍ່ໜ້າຕໍ່	ຕາມະນຸດ. ເພາະໝາຍສຳຄັນ	ຕໍ່ໜ້າຕໍ່ຕາ	The idiom ຕໍ່ໜ້າຕໍ່ຕາ is split before its last syllable, and the next line opens with ຕາມະນຸດ which the eye first parses as ຕາມ, a misreading.	ok	LW
GC34	{GC555.1}	425	low	ສິ່ງທີ່ເຮົາເອົາມາຄິດເປັນ	ປະຈຳ; ມັນຈະປັບປ່ຽນ	ເປັນປະຈຳ	ເປັນປະຈຳ (habitually) is split after ເປັນ, so the line ends on ຄິດເປັນ which reads as 'able to think' before ປະຈຳ appears alone on the next line.	ok	LW
GC34	{GC558.1}	428	medium	ຜູ້ຄົນຖືກສອນໃຫ້ເຫັນວ່າ ພຣະບັນຍັດສິບ	ປະການເປັນພຽງຕົວໜັງສືທີ່ຕາຍແລ້ວ.	ພຣະບັນຍັດສິບປະການ	The name ພຣະບັນຍັດສິບປະການ (Ten Commandments) is split between the number ສິບ and its classifier ປະການ.	ok	LW
GC34	{GC560.3}	429	medium	ພວກເຂົາພັດຍອມຮັບເອົາທີ່	ລີ້ໄພປອມຂອງຊາຕານ	ທີ່ລີ້ໄພ	The noun ທີ່ລີ້ໄພ (refuge) is split after ທີ່, which at line end reads as the relativizer particle, so the next line's ລີ້ໄພ is first parsed as a verb.	ok	LW
GC34	{GC562.1}	430	low	ຈະຖືກທຳລາຍ ແລະ ຂໍ້	ຕົກລົງທີ່ພວກເຈົ້າໄດ້ເຮັດ	ຂໍ້ຕົກລົງ	The compound ຂໍ້ຕົກລົງ (agreement) is split after ຂໍ້, leaving the single syllable ຂໍ້ dangling at the line end.	ok	LW
GC35	{GC563.1}	431	low	ມີທ່າທີເປັນມິດຕໍ່ນິກາຍໂຣມັນ	ກາໂຕລິກຫຼາຍກວ່າແຕ່ກ່ອນ.	ໂຣມັນກາໂຕລິກ	The transliterated denomination name ໂຣມັນກາໂຕລິກ (Roman Catholic) is split across the line break.	ok	LW
GC35	{GC564.1}	431	medium	ແຕ່ຍັງຖືກຢືນຢັນໃນສະຕະວັດ	ທີ 19 ດ້ວຍຄວາມໝັ້ນໃຈ	ສະຕະວັດທີ 19	The ordinal expression ສະຕະວັດທີ 19 (19th century) is split between the noun and its ordinal number.	ok	LW
GC35	?	431	medium	of Ecclesiastical History, ເຫຼັ້ມ 3, ສະຕະວັດ	ທີ 11, ພາກ 2, ບົດ 2	ສະຕະວັດທີ 11	In the footnote citation, ສະຕະວັດທີ 11 (11th century) is split between the noun and its ordinal number.	ok	LW
GC35	{GC564.5}	432	medium	ຈົດໝາຍອະທິບາຍຄວາມເຊື່ອລົງວັນ	ທີ 8 ທັນວາ 1864	ວັນທີ 8	The date expression ວັນທີ 8 ທັນວາ is split between ວັນ and ທີ, breaking the date unit across the lines.	ok	LW
GC35	?	432	medium	ຈາກຈົດໝາຍອະທິບາຍຄວາມເຊື່ອລົງວັນ	ທີ 15 ສິງຫາ 1832).	ວັນທີ 15	In the footnote, the date ວັນທີ 15 ສິງຫາ is split between ວັນ and ທີ, breaking the date unit.	ok	LW
GC35	{GC565.4}	433	low	ມີແຜນການ ແລະ ວິທີການດຳເນີນ	ງານທີ່ກວ້າງໄກ.	ດຳເນີນງານ	The compound ດຳເນີນງານ (operate) is split, leaving ງານ at the line start where it first reads as the separate word 'work'.	ok	LW
GC35	{GC566.3}	433	low	ຈິດໃຈທີ່ນອບນ້ອມຖ່ອມ	ຕົນ. {GC 566.3}	ນອບນ້ອມຖ່ອມຕົນ	The compound ນອບນ້ອມຖ່ອມຕົນ (humble) is split before its final syllable, stranding ຕົນ plus a period at the head of the line.	notfound	None
GC35	{GC569.2}	435	medium	ຂໍ້ກຳນົດຂອງຄຣິສຕະຈັກ. ຕົວ	ເລກຈຳນວນຄົນທີ່ຖືກສັງຫານໝູ່	ຕົວເລກ	The word ຕົວເລກ (figure/number) splits leaving ຕົວ dangling at line end and ເລກ opening the next line, breaking a single two-syllable noun.	ok	LW
GC35	{GC573.1}	438	medium	ພວກເຂົາຈຶ່ງພາກັນຍົກຍ້ອງວັນ	ອາທິດຄືກັບທີ່ລະບອບສັນຕະປາປາເຄີຍເຮັດ	ວັນອາທິດ	The day name ວັນອາທິດ (Sunday) splits so the next line opens with ອາທິດ, which alone reads as 'week/sun', momentarily misreading the day name.	ok	LW
GC35	{GC574.3}	439	medium	ຖືກລົງໂທດໂດຍການຢຶດຊັບສິນເຄິ່ງ	ໜຶ່ງ ແລະ ສຸດທ້າຍ	ເຄິ່ງໜຶ່ງ	The quantity ເຄິ່ງໜຶ່ງ (one half) splits, stranding ໜຶ່ງ at the start of the next line where it can attach forward as 'one', misreading the amount.	ok	LW
GC35	{GC578.1}	441	medium	ພັກຈາກວຽກງານໃນວັນ	ອາທິດຕາມທຳນຽມຂອງຄຣິສຕະຈັກ	ວັນອາທິດ	The day name ວັນອາທິດ (Sunday) splits again, with ອາທິດ opening the line and readable alone as 'week', so the day name is broken.	ok	LW
GC36	{GC583.1}	446	medium	ນັກປັດຊະຍາ, ນັກກະວີ, ນັກການ	ເມືອງ, ນັກຂ່າວ	ນັກການເມືອງ	The single word ນັກການເມືອງ (politician) splits so the next line opens with ເມືອງ (city), while ນັກການ at line end is not a word at all.	ok	LW
GC36	{GC586.2}	448	medium	ຄວາມຈິງເຫຼົ່ານັ້ນ ທັງໄດ້ຕີ	ຄວາມໝາຍ ແລະ ມີຈຸດຢືນ	ຕີຄວາມໝາຍ	The verb ຕີຄວາມໝາຍ (to interpret) splits after ຕີ, so the first line ends reading 'ໄດ້ຕີ' (struck), a wrong verb, before ຄວາມໝາຍ resolves it on the next line.	ok	LW
GC35	{GC569.2}	435	low	ເໝືອນກັບລັດທິນອກ	ສາສະໜາ. ໃນສະໄໝທີ່ຄຣິສຕະຈັກໂຣມ	ລັດທິນອກສາສະໜາ	The compound ນອກສາສະໜາ inside ລັດທິນອກສາສະໜາ (paganism) splits, leaving 'ລັດທິນອກ' at line end which reads awkwardly as 'outside cult'.	ok	LW
GC35	{GC573.2}	438	low	ຄຣິສຕະຈັກໂຣມເຄີຍປະຕິບັດຕໍ່ວັນ	ສະບາໂຕ ແລະ ຜູ້ທີ່ຮັກສາວັນນັ້ນ	ວັນສະບາໂຕ	The day name ວັນສະບາໂຕ (Sabbath) splits after ວັນ; ສະບາໂຕ is unambiguous so the misread is mild, but the name is still broken.	ok	LW
GC35	{GC576.1}	440	low	ວັນນະມັດສະການປອມທີ່ໜັງສື	ມ້ວນນັ້ນສະໜັບສະໜູນ	ໜັງສືມ້ວນ	The compound ໜັງສືມ້ວນ (scroll) splits, so ມ້ວນນັ້ນ on the next line can misread as a classifier phrase 'that roll' detached from ໜັງສື.	ok	LW
GC35	{GC577.3}	441	low	ວັນສະບາໂຕ ພ້ອມດ້ວຍບົດ	ລົງໂທດທີ່ຮຸນແຮງສຳລັບຜູ້ທີ່ຝ່າຝືນ	ບົດລົງໂທດ	The compound noun ບົດລົງໂທດ (penalties) splits, leaving ບົດ (text/chapter) stranded at line end and ລົງໂທດ reading as a bare verb 'to punish'.	ok	LW
GC37	{GC601.2}	458	medium	ພວກເຂົາພູມ	ໃຈທີ່ຕົນບໍ່ໄດ້ເຮັດ	ພູມໃຈ	The single word ພູມໃຈ (proud) splits, stranding the meaningless syllable ພູມ at line end and starting the next line with ໃຈທີ່ (heart that).	ok	LW
GC36	{GC592.1}	451	medium	ນິຕິບັນຍັດ ແລະ ສານ	ຍຸຕິທຳ, ຜູ້ທີ່ຮັກສາ	ສານຍຸຕິທຳ	The institution name ສານຍຸຕິທຳ (court of justice) splits, leaving bare ສານ (court) at line end and ຍຸຕິທຳ (justice) opening the next line as if a new word.	ok	LW
GC37	{GC601.2}	458	low	ກິນເນື້ອທີ່ລ້າໆ. ເຖິງ	ຢ່າງໃດກໍຕາມ, ຄົນປະເພດນີ້	ເຖິງຢ່າງໃດກໍຕາມ	The fixed conjunction ເຖິງຢ່າງໃດກໍຕາມ (nevertheless) splits after ເຖິງ, which alone reads as reach/until at line end.	notfound	None
GC38	{GC604.1}	461	low	ກັບນະຄອນນີ້. ເຖິງ	ຢ່າງໃດກໍຕາມ, ພຣະເຈົ້າ	ເຖິງຢ່າງໃດກໍຕາມ	The fixed conjunction ເຖິງຢ່າງໃດກໍຕາມ splits after ເຖິງ, same misparse as the other occurrences of this phrase.	ok	LW
GC36	{GC588.2}	449	low	ຈະຖືວ່າ ການ	ກະທຳຂອງພວກມັນ	ການກະທຳ	The lexicalized noun ການກະທຳ (deeds) splits after the nominalizer ການ, stranding ກະທຳ at the line start.	ok	LW
GC36	{GC589.2}	449	low	ກັ້ນບໍ່ໃຫ້ຜູ້	ທຳລາຍເຂົ້າມາໃກ້	ຜູ້ທຳລາຍ	The noun ຜູ້ທຳລາຍ (the destroyer) splits after ຜູ້, so the next line opens with ທຳລາຍ which can misparse as the main verb destroys.	ok	LW
GC36	{GC590.1}	450	low	ເຫຼົ່າຜູ້ສົ່ງ	ຂ່າວຂອງພຣະເຈົ້າ	ຜູ້ສົ່ງຂ່າວ	The compound noun ຜູ້ສົ່ງຂ່າວ (messenger) splits before ຂ່າວ, so the next line opens with ຂ່າວຂອງພຣະເຈົ້າ reading as news of God detached from its head.	ok	LW
GC36	{GC590.2}	450	low	ຖ້ອຍຄຳຂອງຜູ້	ສອນສາສະໜາທີ່ວ່າ	ຜູ້ສອນສາສະໜາ	The compound noun ຜູ້ສອນສາສະໜາ (religious teacher) splits after ຜູ້, an awkward break inside an agent noun.	ok	LW
GC36	{GC591.1}	451	low	ໃນສະໄໝທີ່ຄຣິສຕະຈັກ	ໂຣມມີອຳນາດ	ຄຣິສຕະຈັກໂຣມ	The proper name ຄຣິສຕະຈັກໂຣມ (Church of Rome) splits between its two elements, leaving ໂຣມ to open the next line.	ok	LW
GC36	{GC592.3}	451	low	ແລະ ສະມາຊິກ	ສະພາກໍຈະຍອມ	ສະມາຊິກສະພາ	The compound ສະມາຊິກສະພາ (members of parliament) splits between its elements, an awkward break of an institutional title.	ok	LW
GC37	{GC595.3}	454	low	ພຣະຜູ້ໄຖ່ຂອງພວກ	ເຂົາ. {GC 595.3}	ພວກເຂົາ	The pronoun ພວກເຂົາ (them) splits between its two syllables, leaving bare ເຂົາ as the whole final line of the paragraph.	notfound	None
GC37	{GC599.2}	457	low	ສາເຫດໜຶ່ງທີ່ນັກ	ສາສະໜາສາດຫຼາຍຄົນ	ນັກສາສະໜາສາດ	The agent noun ນັກສາສະໜາສາດ (theologian) splits after the prefix ນັກ, an awkward break inside one word.	ok	LW
GC37	{GC599.3}	457	low	(ເອຊາຢາ 59:19 ສະບັບລາວ	ບູຮານ). {GC 599.3}	ສະບັບລາວບູຮານ	The version designation ສະບັບລາວບູຮານ (Old Lao Version) splits inside its name, leaving ບູຮານ alone on the final line of the reference.	notfound	None
GC37	{GC601.2}	458	low	ພຣະຄຸນອັນຊົງ	ຣິດ ເພື່ອໃຫ້	ຊົງຣິດ	The compound ຊົງຣິດ (mighty) splits so the next line opens with the bare syllable ຣິດ detached from its honorific.	ok	LW
GC38	{GC603.1}	461	low	ຂອງພວກຜີມານ	ຮ້າຍ ເປັນບ່ອນລີ້ຊ່ອນ	ຜີມານຮ້າຍ	The compound ຜີມານຮ້າຍ (demons) splits before ຮ້າຍ, stranding the adjective syllable at the line start where it can attach forward.	ok	LW
GC38	{GC608.1}	464	medium	ປະຕິເສດທີ່ຈະນັບຖືວັນ	ອາທິດເປັນວັນສະບາໂຕ	ວັນອາທິດ	The day-name ວັນອາທິດ (Sunday) is split after ວັນ, leaving ອາທິດ (week/sun) to open the next line.	ok	LW
GC38	{GC608.2}	464	medium	ຂ່າວຂອງທູດສະຫວັນອົງທີ	ສາມ ແຕ່ບໍ່ໄດ້ຮັບ	ອົງທີສາມ	The ordinal ທີສາມ (third) in the fixed phrase ທູດສະຫວັນອົງທີສາມ is split between ທີ and ສາມ.	ok	LW
GC38	{GC608.2}	464	medium	ໃຫ້ຕໍ່ຕ້ານຄົນທີ່ຮັກສາວັນ	ສະບາໂຕ	ວັນສະບາໂຕ	The compound ວັນສະບາໂຕ (Sabbath day) is split after ວັນ, stranding the transliterated name ສະບາໂຕ at line start.	ok	LW
GC39	{GC613.2}	469	medium	ບັນດາທູດສະຫວັນກຳລັງວຸ້ນ	ວຽກຢູ່ໃນສະຫວັນ	ວຸ້ນວຽກ	The compound ວຸ້ນວຽກ (busy at work) is split so the line ends on ວຸ້ນ (jelly/confused) and the next begins ວຽກ (work), both misreadable as separate words.	ok	LW
GC39	{GC613.2}	469	medium	ຈະຊົງຄອບຄອງໃນຖານະຈອມ	ກະສັດ ແລະ ຈອມເຈົ້ານາຍ	ຈອມກະສັດ	The royal title ຈອມກະສັດ (King of kings) is split between ຈອມ and ກະສັດ, breaking the compound title.	ok	LW
GC39	{GC615.1}	470	medium	ຊາຕານຈະດົນ	ໃຈພວກເຂົາ	ດົນໃຈ	The verb ດົນໃຈ (inspire) is split so the line ends on ດົນ (a long time) and the next begins ໃຈ (heart), each misreading as an unrelated word.	ok	LW
GC39	{GC619.1}	473	medium	ແຕ່ຄວາມທຸກ	ໃຈທີ່ປະສົບຢູ່	ຄວາມທຸກໃຈ	The compound ທຸກໃຈ (distress of heart) is split so the reader parses ຄວາມທຸກ (suffering) and then ໃຈທີ່... (the heart that...) as separate units.	ok	LW
GC39	{GC621.2}	474	medium	ການອະທິຖານທີ່ບໍ່ຍອມເລີກ	ລົ້ມ. ທຸກຄົນ	ເລີກລົ້ມ	The compound ເລີກລົ້ມ (give up) is split so the line ends on a complete-seeming ບໍ່ຍອມເລີກ and the next opens with ລົ້ມ (fall) as a stray verb.	ok	LW
GC39	{GC622.3}	475	medium	ເຫັນພຣະເຈົ້າຕໍ່ໜ້າຕໍ່	ຕາ ແລະ ຂ້ອຍຍັງບໍ່ຕາຍ	ຕໍ່ໜ້າຕໍ່ຕາ	The idiom ຕໍ່ໜ້າຕໍ່ຕາ (face to face) is split before its last syllable, stranding ຕາ (eye) at line start inside a quotation.	ok	LW
GC38	{GC611.1}	466	low	ການປະຕິຮູບຄັ້ງໃຫຍ່ໃນສະຕະວັດ	ທີ 16 ເປັນຕົ້ນມາ	ສະຕະວັດທີ 16	The ordinal expression ສະຕະວັດທີ 16 (16th century) is split between the noun and its ordinal ທີ 16.	ok	LW
GC38	{GC611.2}	466	low	ຕົ້ນລະດູ ແລະ ປາຍລະດູຄືແຕ່	ກ່ອນ.” (ໂຢເອນ 2:23)	ແຕ່ກ່ອນ	The fixed expression ແຕ່ກ່ອນ (as before) is split so ແຕ່ reads as the conjunction 'but' at line end and ກ່ອນ dangles at line start.	ok	LW
GC39	{GC616.3}	471	low	ຢາໂຄບສືບຕໍ່ອະທິຖານຄົນ	ດຽວໃນຄວາມມືດ	ຄົນດຽວ	The unit ຄົນດຽວ (alone) is split so the line ends on ຄົນ (person) and ດຽວ opens the next line detached from it.	ok	LW
GC39	{GC619.1}	473	low	ບໍ່ຄູ່ຄວນ ແລະ ເສຍ	ຊີວິດຍ້ອນຄວາມບົກຜ່ອງ	ເສຍຊີວິດ	The lexicalized verb ເສຍຊີວິດ (to die) is split, leaving ເສຍ (lose) hanging at line end and ຊີວິດ starting the next line.	ok	LW
GC39	{GC629.1}	480	medium	ປະຊາຊົນຈະທ່ອງທ່ຽວໄປ	ມາ ແຕ່ທະເລຕາຍຈົນເຖິງ	ໄປມາ	The paired unit ໄປມາ (to and fro) is split, so the next line opens with ມາ which can be misread as 'come from the Dead Sea'.	ok	LW
GC40	{GC638.1}	487	medium	ປະໃຫ້ເປັນບ່ອນຢູ່ຂອງໂຕ	ໜູ ແລະ ໂຕເຈຍ	ໂຕໜູ	The animal word ໂຕໜູ is split leaving the bare classifier ໂຕ dangling at the line end, so the line reads 'a place for the animal' before the reader finds ໜູ.	ok	LW
GC40	{GC638.2}	487	medium	ໂລກນີ້ສະທ້ານຫວັ່ນໄຫວ ໜ່ວຍ	ພູຖະຫຼົ່ມໃສ່ມະຫາສະໝຸດ	ໜ່ວຍພູ	The compound ໜ່ວຍພູ (mountain) is split leaving the bare classifier ໜ່ວຍ (unit/ball) stranded at the line end.	ok	LW
GC39	{GC626.2}	478	low	ຫຼື ດານີເອນໃນຖ້ຳ	ສິງ. {GC 626.2}	ຖ້ຳສິງ	The set compound ຖ້ຳສິງ (lions' den) is split, so the line ends at 'in the cave' and ສິງ (lion) stands alone at the start of the next line.	notfound	None
GC39	{GC629.2}	480	low	ລຳຄໍຂອງພວກເຂົາແຫ້ງກະຫາຍຫິວນ້ຳ	ດື່ມ; ແລ້ວເຮົາຄືອົງພຣະຜູ້ເປັນເຈົ້າ	ນ້ຳດື່ມ	The compound ນ້ຳດື່ມ (drinking water) is split so ດື່ມ opens the next line as a stray verb 'drink'.	ok	LW
GC39	{GC629.4}	480	low	ໃນເວລາກາງຄືນ ຫຼື ການ	ຫຼອນໂຈມຕີໃນເວລາກາງເວັນ	ການຫຼອນ	The nominalizer ການ is cut off from ຫຼອນ, splitting the nominalized noun ການຫຼອນ (the terror/haunting) across the break.	ok	LW
GC39	{GC631.1}	481	low	ຕົກລົງເໝືອນເປັນພຽງເຟືອງເສັ້ນ	ໜຶ່ງ. ຄົນອື່ນໆ	ເສັ້ນໜຶ່ງ	The classifier-number pair ເສັ້ນໜຶ່ງ (one strand) is split, leaving ໜຶ່ງ orphaned at the start of the next line.	ok	LW
GC40	{GC643.4}	491	medium	ພຣະອົງແມ່ນພຣະເມຊີອາຕົວ	ຈິງ!”	ຕົວຈິງ	The compound ຕົວຈິງ (true, real) is split so the line ends on ພຣະເມຊີອາຕົວ and the next opens with the bare ຈິງ, breaking the phrase 'the true Messiah'.	ok	LW
GC40	{GC645.3}	493	low	ຕະຫຼອດໄປເປັນ	ນິດ!”	ເປັນນິດ	The fixed phrase ເປັນນິດ (forever) is split, stranding ນິດ (which alone reads 'tiny') at the start of the line.	ok	LW
GC40	{GC648.3}	494	medium	ສຽງທີ່ບັນດານັກດີດ	ພິນກຳລັງບັນເລງຢູ່	ນັກດີດພິນ	The compound ນັກດີດພິນ (harpists) is split so the next line can be misparsed as ພິນກຳລັງບັນເລງ 'the harp is playing' instead of 'harpists playing'.	ok	LW
GC40	{GC648.3}	495	medium	ພວກເຂົາຈະບໍ່ອຶດເຂົ້າຢາກ	ນ້ຳອີກຕໍ່ໄປຈັກເທື່ອ	ອຶດເຂົ້າຢາກນ້ຳ	The idiom ອຶດເຂົ້າຢາກນ້ຳ (hunger and thirst) is split inside its ຢາກນ້ຳ half, leaving the line ending on ຢາກ ('want') and misreading the quotation.	ok	LW
GC40	{GC650.1}	496	low	ພວກເຂົາຈະບໍ່ອ່ອນແອ, ທົນ	ທຸກທໍລະມານ	ທົນທຸກທໍລະມານ	The word ທົນທຸກ(ທໍລະມານ) 'suffer' is split after ທົນ, breaking one item in the list into two half-words.	ok	LW
GC40	{GC650.1}	496	low	ໄດ້ຜ່ານພົ້ນໄປຕະຫຼອດ	ການ. ພຣະມະຫາກະສັດ	ຕະຫຼອດການ	The fixed adverb ຕະຫຼອດການ (forever) is split, leaving the bare nominalizer ການ opening the next line before a period.	ok	LW
GC40	{GC650.1}	496	medium	ແລ້ວຊາວ	ສະຫວັນທັງປວງກໍຮ້ອງຕອບ	ຊາວສະຫວັນ	The compound ຊາວສະຫວັນ (heaven-dwellers) is split so the line ends on ຊາວ, which alone reads as the number 'twenty'.	ok	LW
GC40	{GC651.1}	496	low	ກໍຕາມ. ຕະຫຼອດຊົ່ວ	ນິຣັນ, ພຣະເຈົ້າ	ຊົ່ວນິຣັນ	The duration phrase ຕະຫຼອດຊົ່ວນິຣັນ is split after ຊົ່ວ, which alone reads 'evil', before ນິຣັນ opens the next line.	ok	LW
GC40	{GC651.2}	497	low	ບັນລັງທີ່ຢັ້ງຢືນຕະຫຼອດ	ການ ແລະ ຮູ້ວ່າ	ຕະຫຼອດການ	The fixed adverb ຕະຫຼອດການ is split, stranding the bare ການ at the start of the line.	ok	LW
GC41	{GC653.1}	499	medium	ວິບັດແລ້ວ ບາບີໂລນມະຫາ	ນະຄອນທີ່ແຂງແຮງເອີຍ	ມະຫານະຄອນ	The compound ມະຫານະຄອນ (great city) is split after the bound prefix ມະຫາ, which cannot stand alone at a line end after ບາບີໂລນ.	ok	LW
GC41	{GC654.1}	500	low	ຈົນເຫຼືອແຕ່ຄວາມຫວ່າງ	ເປົ່າ ແລະ ບໍ່ມີສິ່ງໃດ	ຫວ່າງເປົ່າ	The compound ຫວ່າງເປົ່າ (emptiness) is split, leaving ເປົ່າ 'empty/in vain' dangling at the line start.	ok	LW
GC41	{GC656.1}	501	low	ມີຄະດີຕໍ່ສູ້ນາໆ	ປະເທດ. ພຣະອົງ	ນາໆປະເທດ	The compound ນາໆປະເທດ (many nations) is split right after the reduplicated ນາໆ, leaving it dangling at the line end.	notfound	None
GC41	{GC656.2}	501	low	ທັງຜູ້ຊາຍ, ແມ່ຍິງ, ຍິງ	ສາວ ແລະ ເດັກນ້ອຍ	ຍິງສາວ	The compound ຍິງສາວ (young women) is split so the line ends '...ແມ່ຍິງ, ຍິງ' and appears to repeat a list item before ສາວ opens the next line.	ok	LW
GC41	{GC658.3}	503	medium	ໂລກຍັງບໍ່ມີຮູບ	ຊົງ ແລະ ຫວ່າງເປົ່າ	ຮູບຊົງ	The compound ຮູບຊົງ (form, shape) in the Genesis quote is split, so the next line opens with bare ຊົງ, which reads as the royal verb particle.	ok	LW
GC41	{GC659.2}	503	low	ຂ້ອຍຈະຕ້ອງຂຶ້ນໄປເໜືອຈອມ	ເມກ ແລະ ເປັນດັ່ງ	ຈອມເມກ	The compound ຈອມເມກ (heights of the clouds) is split, leaving ຈອມ 'peak/supreme' dangling at the line end of the quotation.	ok	LW
GC41	{GC660.1}	503	low	ຖືກແກວ່ງໄກອອກໄປຈາກຂຸມ	ສົບຂອງທ່ານ	ຂຸມສົບ	The compound ຂຸມສົບ (grave) is split into ຂຸມ 'pit' and ສົບ 'corpse' across the break.	ok	LW
GC41	{GC660.3}	504	low	ຄວາມເຈັບປວດ ແລະ ຄວາມທົນ	ທຸກຂອງພວກເຂົາ	ຄວາມທົນທຸກ	The word ທົນທຸກ (suffering) is split after ທົນ, so the next line opens with bare ທຸກ.	ok	LW
GC41	{GC660.4}	504	medium	ການພິພາກສານີ້ຈະເກີດຂຶ້ນພາຍ	ຫຼັງການສະເດັດມາຄັ້ງທີສອງ	ພາຍຫຼັງ	The single word ພາຍຫຼັງ (after) is split, so the line ends on ພາຍ, which alone reads 'paddle'.	ok	LW
GC41	{GC660.4}	504	medium	ປະໂຣຫິດ. ໃນພຣະທຳ	ພຣະນິມິດ ໂຢຮັນໄດ້ກ່າວວ່າ	ພຣະທຳພຣະນິມິດ	The Bible book title ພຣະທຳພຣະນິມິດ (the book of Revelation) is split between its two halves, leaving ໃນພຣະທຳ dangling at the line end.	ok	LW
GC42	{GC663.1}	508	medium	ມັນອ້າງວ່າຕົນເປັນເຈົ້າ	ຊີວິດຂອງໂລກໂດຍຊອບທຳ	ເຈົ້າຊີວິດ	The compound title ເຈົ້າຊີວິດ (sovereign lord) is split so the line reads "claims to be lord" and the next begins abruptly with "life of the world".	ok	LW
GC42	{GC668.4}	512	medium	ຂາບລົງນະມັດສະການອົງເຈົ້າ	ຊີວິດ	ເຈົ້າຊີວິດ	The compound title ອົງເຈົ້າຊີວິດ (the Sovereign) is split between ເຈົ້າ and ຊີວິດ, leaving the bare word ຊີວິດ (life) stranded at the line start.	ok	LW
GC42	{GC665.2}	509	medium	ຢ່າງສຸດຈິດສຸດ	ໃຈ	ສຸດຈິດສຸດໃຈ	The fixed four-syllable expression ສຸດຈິດສຸດໃຈ (wholeheartedly) is broken before its final syllable, leaving ໃຈ alone at the line start.	ok	LW
GC42	{GC671.1}	514	medium	ສະຫງ່າຣາສີ ແລະ ຄຳ	ສັນລະເສີນ	ຄຳສັນລະເສີນ	In the list of treasures in Revelation 5:12 the compound ຄຳສັນລະເສີນ (praise) is split so the line ends on ຄຳ, which in this context of riches momentarily reads as "gold".	ok	LW
GC42	{GC672.2}	514	medium	ບັນດາຜົນ	ງານຂອງມະນຸດຈະວອດວາຍ	ຜົນງານ	The compound ຜົນງານ (works/achievements) is split into ຜົນ (fruit) and ງານ (work/festival), each a common word, blurring the intended single noun.	ok	LW
GC41	{GC661.2}	505	low	ຈົນກວ່າພັນ	ປີນັ້ນລ່ວງໄປແລ້ວ	ພັນປີ	The number-unit pair ພັນປີ (thousand years) in the Revelation 20:5 quotation is split between the number and its unit.	ok	LW
GC42	{GC666.1}	509	low	ຊາວໂລກ ແລະ ຊາວ	ສະຫວັນ	ຊາວສະຫວັນ	The compound ຊາວສະຫວັນ (inhabitants of heaven) is split so the line ends on ຊາວ, which alone can read as the number twenty.	ok	LW
GC42	{GC677.1}	518	low	ມະນຸດ ແລະ ຊາວ	ສະຫວັນຈະຜູກພັນກັນ	ຊາວສະຫວັນ	The compound ຊາວສະຫວັນ (heaven-dwellers) is split after ຊາວ, which alone can read as the number twenty.	ok	LW
GC42	{GC668.3}	511	low	ອັນຕະຫຼອດໄປເປັນ	ນິດ	ເປັນນິດ	The fixed phrase ຕະຫຼອດໄປເປັນນິດ (forever) is broken so the syllable ນິດ (a tiny bit) stands alone at the line start.	ok	LW
GC42	{GC674.3}	516	low	ຊົງໄຖ່ຕະຫຼອດໄປເປັນ	ນິດ	ເປັນນິດ	The fixed phrase ຕະຫຼອດໄປເປັນນິດ (forever) is broken so the syllable ນິດ stands alone at the line start.	ok	LW
GC42	{GC670.3}	513	low	ຍຸຕິທຳ ແລະ ທ່ຽງ	ແທ້	ທ່ຽງແທ້	The compound adjective ທ່ຽງແທ້ (true/just) in the quoted verse is split into ທ່ຽງ (noon/exact) and ແທ້ (truly), each reading as a different word.	ok	LW
GC42	{GC677.2}	518	low	ໃໝ່ໆ, ຂໍ້	ເທັດຈິງໃໝ່ໆ	ຂໍ້ເທັດຈິງ	The compound ຂໍ້ເທັດຈິງ (fact) is split after the prefix ຂໍ້, so the next line opens with ເທັດ (false), inviting a momentary opposite reading.	notfound	None
GC42	{GC678.2}	518	low	ຕະຫຼອດຊົ່ວ	ນິຣັນດອນ	ຊົ່ວນິຣັນດອນ	The phrase ຕະຫຼອດຊົ່ວນິຣັນດອນ (for all eternity) is split so the line ends on ຊົ່ວ, which alone reads as "evil" in a doxology.	ok	LW

